# Resource object code (Python 3)
# Created by: object code
# Created by: The Resource Compiler for Qt version 6.10.1
# WARNING! All changes made in this file will be lost!

from PySide6 import QtCore

qt_resource_data = b"\
\x00\x00\x02\xf8\
\x00\
\x00\x0a\x96x\xda\xbdV\xdfo\x9b0\x10~\xaf\x94\xff\
\xc1R_\xb6j(\x09\x01\x92\x91\xa7\xb5\x9d\xa6J\x9b\
\xd4\xaa\xd5\xf6l\xb0\x13\xac\x12\x1b\x81Y\xa3E\xfd\xdf\
w\xb6\xf9\x19L\xb2n\xd2\xf0K8\xfb\xee>\x7f\xdf\
\xdd\x91\xc9\xc5\xf4\x0a}IE\x84S\xf4\xc2\xc8\x96J\
$\xe9^N#\x1c?osQr\x82\xae\xa6\x93\x8b\
\x87\x1ff\xef\x80b\x91\x8a<D\x97D?k\xd4\x1e\
t\xea\xad9Uk\x8d^\xc1\xefI\x88\xf4\x89e\x1d\
\xc7\xf9|\xde\xf5\x02\x0b\xf5\xd4\x02\xa3\xc8\x09\x85#\xf3\
l\x8f\x0a\x912\x82.1\xc6:\xceD\xc1\xbc.\xa5\
\x14\xbc0\x80\xee\xcb\x221\x06t\x98\x5c\xa0~D7\
Rk\xad\xecGx\xf5\xd1a\x1e\xdf\xf7;[N\x8e\
\x09+\x8b\x10y\xd9^\x9b3L\x08\xe3\xdb\x10\xf9\xe0\
2\x9fi\xebk\x0fD\x98\x88\x9f4G\xf0\x1c\xfaP\
\x16\x8b\x85\xf5fA\x10\x18\x86:1\xb2\x9c\x16\x05%\
\x83\x18\xae\xaf\x965\xccr\xb9\x1c\x84!\xac\xc0Q\x0a\
q\x8e\xc3\x04j\xad\x1bJV\xab\x955\xa6\xe7y\xc3\
\x98t\x83\xcbTjhC\x8f\x05\xc6\xab j\x95R\
\xaa\xa3\xa8\x92\xeb\x1d\xdb\xa0\x12\xae\xf5\xde\x08\xa7\xf6\xfe\
\xbfp`@\xabF\xb7\x16C\xa3\xdb[e\xeb\x84\xa8\
e{\xbbj\x9a\xac;\x9e\x95\xb2\xaa\xea\xaf\x8c\xd3\xcf\
\x84\xc9\x0f\xe8\xe11c\xfcZ\xec\xe1\xd7\xad(A\xce\
\xf6\xfdF\xec\x22\x01?m\xfc\x99\x9c\xff\xcc\xdf\xe2\x98\
?\x17\x5c\xbc\x86\xbf\x06\xc1\xc3\xa7\xa8\x909\x8e\xe5\x9d\
\xa4\xbb\xef\x8c\xbe\x9c\xc6T\xd0\x94\xc6\x92\x09\xeeX\xc6\
FUD\xfds\xdd\xa9\xa1sk\xcan\x12\x1a?G\
bO+\xda\xf4{\xc3\x88\xe5\xe6E\x86c}\x8f\xa0\
\xbdC\xe5\x13\x86\x8c\x13\x16c)r\xe3\x0ecP&\
@RPq\x90P\xb6Md\xc70R\x16'h\xec\
\x97\x16Vk\x1cEU\x92\x87\x91T\xaak\x071=\
_\xad\x131ceS5:p\xf5\xe3\x8f\x84\x8e\xd7\
G\xbd{&p\x0ft7|@1\xd9lFy\xab\
wke\x1f\xc1L\xf3JV\xf3\x02}\xb5c\xdci\
dPm\xac[\xd0l\x87!\xe4\x82\xe4\x80 g\xbf\
\x04\x97\xf0%\x1b\xe3NM\xb6\xae\xa4\xb5\xa2;\x9co\
\x19\x0f\xd5\x84@s\xd7&Zg0Y5\xee\xe2)\
\xca\xc8\xc9\xf0\xd6\x82\xe8/x\x1f\x82=\x9b\x1fz\xf6\
\x0f\xf2W_\xe972u6y\x829I\xcf\xa4>\
1\x8f\xeaF\xaa\x9b\xd0;nB\xefH2\x07\x90\xa1\
\xd9\x1aA\xed\xc4\x94K(\x17\xf8\xb0(\x9b\xa9\x0a]\
H\x03\xd8\xcb\x1a\xb6\xae\xb9[\x11?\x17h\x8a\xbeQ\
^V\x95\xa7L\xe6/O\x18J&SjnQ\x8d\
C'\xa5\x9b.'\xbdB\x99\xa9\xd5\xe5*\x12\xf0\x95\
\xd8Y\xd8U\xb4\xa9\x9c\xb6\x99\xe9\xba\xc7C\xfc\xb4R\
u,hM\x98\xc4=\xb4\x1a(rg\xed\x9d;'\
\xa1ZA*\x19\x97\xd2\xf8\xb4w\xcc\x0d\xe1\xaeg\xf7\
3#\xba\x9e(\x08Y\x07z;\xe8\xc6\x9c-_]\
8\xfd\x1b'\x847\xa8\
\x00\x00\x1c#\
\x89\
PNG\x0d\x0a\x1a\x0a\x00\x00\x00\x0dIHDR\x00\
\x00\x00\x80\x00\x00\x00\x80\x08\x06\x00\x00\x00\xc3>a\xcb\
\x00\x00\x1b\xeaIDATx\x9c\xed]m\xaf\x1c\xc5\
\x95~\xfae\xbag\xa6\x87\x99;{m\x13\xcb\x5c\xb0\
q\xbc\x80\x15\x16\xa3 @\x0a\x8a\x02F\x89\xf2!R\
\x94\x1f\xbaZi?\xb0\xbb\x82$\x1b\x81DHP@\
A\x04\xe4$\x10\x0c\x22\x01\xcc\xf5\x1d\xa6g\xa6{\xfa\
%\x1fN\x95o\xb9\x5cU]\xd5\xd3s\xef5\xb9G\
j\xf5\xcb\xf4L\xf7\xf4\xf3\x9c\xe7\x9cS]\xdd\x05\x9c\
\xda\xa9\x9d\xda\xa9\x9d\xda\xa9\x9d\xda\xbf\xa2y\xc7}\x02\
Gd\x1e\x9b|6y\xc2\x04\x00\xb50Ul\xe2\xeb\
\xdfj\xfb\xb6\x11\xc0\x03\x10\x02\x88\x00\x0c\x00\x0c\x01$\
l\x1a\xb2m}\x00=\xb6\x9f\xcf\xbeW\x01(\x00\xac\
\x01\xac\x00,\x01,\x00\xa4lZ\xb0m9\xdb\xef[\
C\x8c\xfb\x9d\x00\x1e\x08\xec\x04\xc0\x0e\x803\x00\xce\xb2\
\xe9\x0c\x80]\xb6\xfd\x01\xb6\xcf\x00@\x0c\x02?\xc4\xdd\
\x0aP\xb0)\x03\x81\x9d\x02\xf8\x06\xc0m\x00\xb7\x00|\
\x05\xe0K6}\xc5\xb6\xa7 R\xdc\xb7\x84\xb8\x1f\x09\
\xe0\x83\x80\x9c\x02\xf8\x0e\x80\x87\x00<\x0c`\x0f\xc0y\
\x00\xe7\xd8g\x1c\xf4\xd8\xf7\xfd^\x18\x86a\x10\x04\x81\
\xef\xfb\x9e\xe7y\xbe\xe7y\xf0<\xcf\x03\x80\x9a\x0cu\
]WUU\xd5eY\x96EQ\x14UU\xadA\x84\
\xe0d\xd8\x07\xf0\x05\x80\xcf\x01\xdc\x04\xf0\x09\x80O\x01\
\xfc\x9d}\xb6\x04\xa9\xc9}c\xf7\x0b\x01<\x90\xe7\xee\
\x82\x00\xbf\x0c\xe0\x0a\x80K \xe0\xcf\x01\x98z\x9e\x97\
\xf4\xfb\xfd\xb8\xd7\xeb\x85\x84\xb5\x7f\x07h\x865\xfd\x98\
\xa7\xfe\xdbu]\xdf\xb5\xcc\x89QUUU\x96e\xb5\
^\xaf\x8b\xd5j\x95\xd5u\x9d\xe2\x90\x0c7\x01|\x04\
\xe0\x06\x80\xbf\x80\x08q\x0bD\x9c\x13\xaf\x0c'\x9d\x00\
>\xc8\x93\x1f\x02\x01~\x15\xc0\xe3 \xe0\xcf\x03\xd8\x19\
\x0e\x87\xc3(\x8az\x82w\x83O\x00\xb4s\x9dq\x12\
\xa8\xe6|\xe2*\x91\xe7\xf9z\xb1X,@\xe1\xe0s\
\x10\x11>\x00\xf0>\x88\x10\x9f\x82\x94\xe3\xc4\xaa\xc2I\
%@\x00\x92\xf1G\x01|\x0f\xc0S\x00\x9e\x00I\xfd\
\x99$I\x92(\x8a\xa2 \x08<\x19t\x15\x01l\xbc\
\x9f\x9bB\x05\xeeZ\x96'F\x86:\xcf\xf3<M\xd3\
\x14\x94\x1f|\x02\xe0O\x00\xde\x05\xf0\x1e\x80\xbf\x82\x14\
\xa3\xec\xe2\xe2ti'\x8d\x00\x1c\xf8+\x00\x9e\x06\xf0\
}\x90\xd7\xef\xc5q\xbc3\x18\x0c\xfaa\x18\xfa\xbe\xef\
{\xbe\xef+A\xd7\x91@\x9c7\x99\xc9\xfb\x0dD@\
UUuQ\x14\xd5r\xb9\x5ceYv\x1b\x14\x1e\xde\
\x07\xf06\x80?\x80T\xe1D\x11\xe1\xa4\x10\xc0\x030\
\x06\x01\xff\x0c\x80g\x01<\x09`/I\x92I\x1c\xc7\
\x11\x8b\xe9\x10\x81\xb7!\x01\xa0'\x00_\x17\xbd^\x5c\
\xb7%@UU2\x11P\x96e\x95eY\x9e\xa6\xe9\
\x01\x88\x08\x7f\x04\xf0\x16\x80\xdf\x83\x880\xc3\x09\xc8\x11\
N\x02\x01\xfa\x00.\x82\x80\xff\x01\xc8\xf3/\x8eF\xa3\
\x1d\x06\xfc\x1do\xdf\x84\x00:\xf0\xb9\xa9H\xb0\x09\x01\
\xf8rY\x96u\x96e\xf9|>\xbf\x0d\xe0c\x90\x12\
\xbc\x01\x22\xc2\xc7\xa0v\x87c\xb3\xe3$\x80\x0f\xaa\xd7\
\xaf\x01\xf8!\x80\xe7\x01<\x96$\xc9n\xbf\xdf\x8f9\
\xf0\x22\xe8\xba\xb9\x8b\x0a\xc8\xcb\xa2\xc9\xf1\x9f\xcfm\x09\
\xa0\x9a\x0b\x8aP\xafV\xab,M\xd3[\x00>\x04\xf0\
&\x80\xdf\x00x\x07\xd4\xb6p,\x89\xe2q\x11\xa0\x0f\
\xe0\xbb\x00^\x00\xf0#\x00\xd7\xa2(\xba0\x1a\x8d\x86\
,\xc6C\x05~\x17\x04hS\x05\xb4!\x80\x8a\x04U\
U\xa1(\x8aj>\x9f/\xf2<\xff\x0c\x04\xfe\xaf\x01\
\xbc\x0e\xe0\xcf8\x0658j\x02x\xa0$\xefi\x00\
/\x83\x08\xf0\xd8d2\x99FQ\x14\xca\xc0\xab&\x13\
\x01\xc4u\x00\x9d\x12@\x5c\x16%\xbf\xc9\xf3uS\x9e\
\xe7\xc5\xc1\xc1\xc1>H\x0d^\x07\xf0*(<\xec\xe3\
\x08s\x83\xf0\xa8\x0e\x04\xca\xf0/\x80@\xff1\x80\xe7\
\xe28\xde\x1b\x8dF\xc3 \x08\xbc \x08\xac\xc1w%\
\xc0&U\x80+\x01\xaa\xaa\x82\xef\xfb\x8d\x04\xf0</\
\xdc\xdd\xdd=3\x9f\xcf\x87Y\x96\x9d\x01\xb5k<\x08\
\x22\xc3g8\xa2J\xe1\xa8\x08\x10\x812\xfc\xeb\x00~\
\x02\xe0\xdax<>\x1b\xc7qO\x06^G\x04\x11|\
\x1b\x02\x98T@^\x06\xcc\xf1_\x5c\xb6!\x80\x89\x04\
eY\x8a\xe7\xeb\x8d\xc7\xe3$\xcb\xb2\xcb\xb3\xd9l\x8c\
\xc3{\x18\xaf\x81*\x85|\x1b`\x88v\x14\x04\x18\x80\
J\xba\x9f\x82d\xff\xeat:\x9d\xf4z\xbd@\x04\x5c\
\x05|\x10\x04\xf7\x00o\x0a\x03\xb6\x04hJ\x02]\x08\
 \x82-\x83\xce\xcfI\x04\xdd\xf3\xbc\xbb\x88\x00\x00\xfd\
~\xbf\x17\x04\xc1\x83\xfb\xfb\xfb\xcf\x83\xca\xe1)\x80W\
@\xa5\xe3\xb2sD\x04\xdb6\x01\x12Pc\xce\xcf\x00\
\x5c\xef\xf5zW\xc6\xe3q\x12\x86\xa1\xa7\x03\xdf%\x14\
4\x11@W\x06\xdaV\x01\xbaDP&@S\xfc\xe7\
\xa0\xcb\x0a\xc0\x97\xd9<\xd8\xdd\xdd\x9d\xcef\xb3k\xeb\
\xf5:\x010\x02%\xcbo\x83nFm\xc5\xb6I\x80\
\x07@\x0d:?\x07\xf0\xd2`0\xb8\x94$I\x9f\xc7\
{\x19\xfc6\xa1\xa0\x0d\x01\x5c\x92@W\x02\xd8J\xbf\
\xb8.\xce\x01x\x93\xc9$I\xd3\xf4\xf1\xe5r\x19\xe3\
\xb0\xef\xc2[\xa0{\x0a\x9d\xdb\xb6\x08\xf0\x00\xa8\xae\xff\
\x05\x80\x17\x93$yd8\x1c\xf6e\xe0m\x14\x80\xaf\
7\x85\x02SY\x08t[\x06\x9a\x08 J\xbf\x09x\
\x05\xf8|\xbb7\x1a\x8d\x06\xbe\xef?\x9a\xa6i\x80\xc3\
\x8e+ob\x0b$\xd8\x06\x01\x12\x90\xe7\xff\x02\xc0\xf5\
\xd1h\xf4\xf0`0\x889\xe0&\x02\x98\xf2\x81&%\
\xb0!\x80\x0c>_wm\x05T\xb5\xfc\xa9<_\x04\
^\xe5\xf5\xe29\xc8\xcb\xc3\xe1\xb0\xefy\xde\xc5\xf9|\
~\x9dm\xaa@$\xe84\x1ctM\x80\x01(\xe6\xff\
\x1c\xc0\x8b*\xf0mI\xd0D\x04\x17\x02lZ\x05\xb8\
4\xfd6\xc9\xbfF\xfa\xefZ\xbes1\x07\x83\x18\xc0\
\xc3\xf3\xf9\xfcE\x1cvY\xfb\x1d:L\x0c\xbb$@\
\x04\xca\xf6\x7f\x06\xe0\xa5$I\x1e\xd1\x81\xdfe(\xd0\
%\x84m\xc2\x80m+\xa0\x08\xb8\xe8\xf9:\xe9\x17\x01\
\xb7\x05\x9f\xdb`0\x88\xeb\xba~$M\xd3\x97@-\
\x85+P\x0bb'%bW\x04\x08@u\xfeO\x01\
\x5c\x1f\x0c\x06\x97\xc4\x98\xefJ\x806\xa1\xe0\xb8\x08\xa0\
\xf2\xfcM\xa4_e\xc3\xe1\xb0_U\xd5\xa5\xe5ry\
\x1d\xc0\x1c\x14\x06>@\x07\x8dE]\x10\xc0\x03\xb5\xf0\
]\x07\xf0r\xaf\xd7\xbb\xc2\xb2}#\xf8]\x84\x02S\
E`\x13\x06Tfs\x0f\xa0M\xe6\xef\x22\xfd*K\
\x92\xa4_\x14\xc5\x95\xf5z\xfd2\xa8\xb9\xf8\x1b\xd0m\
\xe6\x8d\x9a\x8d\xbb \xc0\x14\xd4\xbc\xfb\x13\x00W\xc7\xe3\
q\x22\x96z.\x04p)\x0dM\xa1\xe0\xa8\x09 \x93\
\xc0\xb2\xe4\xb3:\x1f\xe1\xbc\xbc\xf1x\x9c\xdc\xbau\xeb\
*\xbb\xd6_\x01\xf8\x1f\x00_\xbb\x02&\xda\xa6\x04\xe8\
\x83n\xec\xfc\x18\xc0\xb5\xe9t:\x09\xc3\xd0\x93\xbd\xb7\
\x8d\x0a\xb84\x0e\xa9\x12B\xd70`+\xff&\xcf\x17\
\x8f\xa5R\x00\xf9\xb86\xde\xcf\x8f\x19\x04\x01\x00x\xd3\
\xe9t\xb2\xbf\xbf\x7f\x0dt\x0b\xf9\x1f\xa0\xbe\x05\xad\xef\
\x22nB\x00\x1ftK\xf7e\x00\xcf\x8d\xc7\xe3\xb3b\
\xf3\xae\xce\xc37Q\x81\xa6P`\xab\x02@s\x15`\
\x02\x9f\x03\xaf\xcb\xfcU\xd2\xcf\x8f\xe9\xe2\xfd\x02\xf0w\
\xd6{\xbd^0\x1e\x8f\xcf\xcef\xb3\xe7@\x1dQ\xff\
\x01\xeav\xd6\xaa?\xc1&\x048\x0b\x92\xfe\x17\xe28\
\xde\x8b\xe3\xb8'\x03\xa7\xf2\xe4m\x86\x82M\xc3\xc0\xa6\
\xf1\xdfU\xfau\xde/y\xfd\x9dmA\x10\xa0\xaek\
\xc4q\xdc\x8b\xe3x/\xcb\xb2\x17\x00\xfc\x0d\x87j\xe0\
lm\x09\xd0\x07\xf5\xe4\xf9\x11\x80\xc7\xd8-]\xad\xd7\
\xda\x10\xc1\xa4\x1c\xae\xa1@n\x17\x00\xec\x9a\x83u\xcd\
\xc06-\x7f.\xd2\xaf;\x07\x1d\xf0\x22\xf8\xfc\xb3\xd1\
h4\xcc\xb2\xec1\x86\xc1G\x00\xfe\x1f-BA\x1b\
\x02x\xa0>|?\x04pm2\x99L\x03\xa1\xfb\x96\
)\xa67\x11\xc1F\x05l+\x02\x99\x0c\x80\xba5P\
6U+\xa0m\xcb\x9f\xa9\xe43y\xbf\x0ax\xbe\x9d\
o\x13I\xc0\x96\xbd\xc9d2=88\xb8\xc6\xb0\xf8\
\x1b\xa8s\x89SU\xd0\x86\x00cP\x07\xce\xe7\xa3(\
\xba\x10EQh\x1b\xb7MDhR\x06\xd3\xef\xaa*\
\x02\x1b\x02\xf0eU\xfc\x17\x97U\x040\xc9\xbfI\xfa\
E3\x01\xaf\x00\xfc\x9ey\x14Ea\x14E\x17\xf2<\
\x7f\x1e\xf4\x1c\xc2\xe7\x00\x0e\x5c\xc0t%\x00o\xf0\xf9\
\x01\x98\xf4\x9b$\xd9F\x0d\x9a\x12E\xd5\xf7m\xc3\x80\
\x9c\x0f\x00\xed\xaa\x00]\xcb\x9fI\xfeu\xd2\x7f\xd7\xc5\
\x94\x80\xe7\xc7\xd5y\xbd\xef\xfb\xf7\xccG\xa3\xd1\xf0\xeb\
\xaf\xbf~\x8ca\xf2\x01\xa8[\x99u\x03\x91+\x01\xa6\
 \xef\x7f:I\x92]\xb1\x03\xa7\x8dd\xdb&\x84M\
$h[\x11\x00\x9b\x13\xc06\xf3\xe7\xc7\xb0i\xe4\x11\
\x8f\xd7\xe4\xf5\xe2\xdc\xf7}\x84a\xe8'I\xb2\x9b\xa6\
\xe9\xd3\x0c\x9b\x8fAm\x04V\xe6B\x00\xee\xfd\xcf\x02\
\xb8\xd8\xef\xf7c\x93'\xea\xc0\xb7\xf1\xfa.B\x81\xae\
\x22\xe0\xc0\xe8@\x10\xc1p\xcd\xfcMq\xdfd\x0d\xb1\
^\xeb\xfd|\xb9\xdf\xef\xc7i\x9a^d\xd8\xbc\x0b\x87\
\xa7\x8f\x5c\x08\xc0{\xf3>9\x1a\x8dv\x02\xa9\xdf\xbe\
\x0ex\x9d*\xb8\xaa\xc1&\xa1\xa0k\x02l*\xfd\xe2\
\xf1t\xe0\xcb\xd2\xaf\x22\x02_\x0e\x82\xc0\x1b\x8dF;\
\xf3\xf9\xfcI\x86\xd1\x0dX\xaa\x80-\x01|\xd0\x83\x9a\
\xdf\x07=\xa7\x17\xd9\x00o\x13\x12\x5c\xd4\xc06\x14\x98\
Z\x06M\xe0\x98\x08\xa0\xcb\xfc\xdbJ\xbf\x0c|\x93\xd4\
\xab\x88 n\x8f\xe38\x9a\xcf\xe7{\x0c\xa3\xdf\x83\x9a\
\x88\x1b\x1b\x87l\x09\xf0\x00\xe8)\xdd\xabI\x92Lt\
\xde/^\xf8&\x0fm\xab\x06.\xa1\xc0\xa4\x02\x1c(\
\x11x\x1d\xf8\x1cx\x91\x0cm\xa5\xdf\xe4\xf5:\xa9\x17\
A\xe7\xe7#\x13 \x08\x02/I\x92I\x9a\xa6W\x19\
V\x1f\xc2\xa2\x22\xb0!\x80\x07z>\xff)H\xde/\
\x97_\xb69\xc1&j\xe0\x12\x0a\x5c\xc2\x80\xad\xfco\
\x22\xfdm\xbd^\xf4xy]$D\x1c\xc7Q\x9a\xa6\
{\x0c\xab\xdf\xc2\xe2\x01T\x1b\x02\xc4\xa0\xe4\xef\x898\
\x8ew\x82 \xe0o\xdd\xd0z\xff\xb6\xd5\xc0\x96\x04\xdb\
 \x80\xae\xd1\x87\xff\xa6\xca\xfb\xbb\xf6z\xd5\xba\xe7y\
\x08\x82\xc0\x8f\xe3x'\xcb\xb2'\x18f\x7fAC\xeb\
\xa0\x0d\x01vA\xcf\xe8?<\x18\x0c\xfaM\xd2\xdfV\
\x05T\xde\xaf#\x81\x8e\x00\xa6\x8a@\x17\x06T@5\
\xc5\x7f\x97\x8e\x1drC\x8fmyg\xf2z\x15\x09\xf8\
4\x18\x0c\xfaY\x96=\xcc0\xfb\x1d\xe8)\xa3\xd6\x04\
\xf0A\xf2\xff8\x803b\xdd/^\xcc&B4\x11\
\xa4)$\xa8\x88\xe0\x1a\x0a6%\x80,\xffM\xde\xaf\
\xf2z\x17\xa9o\xf2z\xd1\xf3\xc5\xeb\x1b\x86\xa1\x0fz\
\xba\xe8q\x86\xdd\xe70$\x83M\x04\x18\x80^\xc8t\
)I\x92\xc4\x17^\xc7b\xba\xd0\xaej\xd0\x14\x12l\
r\x05\xdd\xef\xd9\x84\x01\x93\xfc\x8b\x9e\xaf\x93~\xf9\xb7\
L^o\x92z\x1b\xaf\xd7]_\xe13/I\x92$\
M\xd3K\x0c\xbb\xf7`\xe8I\xdcD\x80)(\x96\x9c\
\x8f\xa2(\xd2y\x93I\x09l\xd5\xc0&Al\xca\x0f\
T\xc4\xd2\x11@\x95\x034\xc5\x7fU\xc9'\xff\x86\x0c\
\xbc\x8b\xd4\xebb\xbb\xc9\xf3U\x18DQ\x14\xa5iz\
\x9ea7mK\x00\x0f\xf4\x1e\xbeK\x00v\x82 \xf0\
\x9a\xbc\xdb\x86\x10\xb6\xea`R\x03\x9b\x12\xd15\x0c\x98\
\xe4_%\xfdMf\x93\xe8\xe9\xbc\xbc\x09p\xd3\xf5\xaa\
\xaa\x0aA\x10x\xa0\x17d^b\x18~\x06M5`\
\x22@\x04\x8a!{\xc3\xe1p\xe8\x1b\xde\xc6\xd5tb\
\xae\x84\xb0U\x03\x17\x12\x88\xe7\x00\xe8\xab\x00\xdd\x9d?\
\x9d\xf4\xab\x80\xdf\xc4\xeb\x9b\xa4\xbeI\x01x\x18\x18\x0e\
\x87\xc3\xc5b\xb1\xc70\xfc#\xe8\xbd\x85N\x04H@\
\xafe;\x17EQ\xaf\x09\xfcm\x85\x06\x19x[\x12\
\xa8BA[\x024I\xbf\xf8\x1bb\xd2\xa7\xf3\xfa.\
\xa4\xbei\x8a\xa2\xa8\xb7X,\xce1\x0c\x936\x04\xd8\
\x01\xbd\x85s\x1a\x90\xfe\xb7>\x99MB\x83\xec\xcd6\
$0\xa9\x00\x9f\xeb\x00\x14\xe3\xbe\x8b\xf4\xab$\xdf\x94\
\xe0\xd9H\xfd&S@L\x9c2\x0cw\xa0\xe9=\xac\
#\x80\x07*%\xce{\x9ewW\xf6o+\xfbMS\
\x1bB\xb8\x84\x04\x15\x09d\x02\xf0\xb9X\x05\xa8\x1a~\
L\xd2oS\xde\xd9\x00\xde\xc5u\x94\xc3\x80\xe7yI\
]\xd7\xe7\x19\x96\x1fA\x91\x07\xe8\x08\x10\x82:}\x9e\
\xeb\xf7\xfbq\x97\xdeo\xfa\xc3\xae\x17\xa3I\x0dTa\
\xc0\x95\x00M\xe0\xeb\x12=\x9d\xd7\xeb\xfe_\x97\xde\xcf\
\xa7~\xbf\x1f/\x97\xcbs\x0c\xcb\x10\xf4l\xa1\x15\x01\
\x22\xf6\xa5i\xaf\xd7\x0b\xb7A\x00\xdb\xd0\xb0\x89\x1a\x98\
B\x81,\xe7\xba\xcc_$\x8a\xbc\xaf\x8d\xd7\xab\xce\x7f\
\x1b`\xab\xa6^\xaf\x17.\x97\xcb)\xc32r!\xc0\
\x00$\x1b\x0f\x04B\xdb\xbfj\xe2vT\x84pU\x03\
](h\x22\x80\xce\xfb\x9b\xbc~\xdb\xb1\xdd\xe5\xba\x07\
A\xc0_\xb6}\x86azO{\x80\x8e\x00C\xd0=\
\x80\xc4\xf7}>\xaa\xc6\xc6'd\x03\xb2K\xae`\xab\
\x06\xaaP\xd0D\x00\x19|[\xafw\x8d\xed\xdb\x00\x9e\
\x1b\xc3.aX\x0eU@\xeb\x08\xc0G\xe0\x88U?\
l:\x81\xb6Dp!\x88\xe93U\xb9\xd8\xa4\x02\x22\
\xf8\xe2v\xf1s]ywT\xb1\xdd\xf6\xba\xcb\xfb\x80\
\xee\xe6\xee0L\xad\x08\xe0\xb1\x9d\x1f\xf0}\xbf\xe7\xb1\
_\xb1=\xa0+\x11\xda\x90\xa5\xc9\xabd\xc0\xc304\
\xaa\x80\xce\xfb\x8b\xa2PJ\xbe\xca\xeb\xdb\x80m{}\
\x9a\xae\xb1\x0e\x1f\xcf\xf3<\xdf\xf7{UU\xf1\xd1S\
<H\x95\x80\x8e\x00C\x00I\x18\x86\xa1\xed\xc1\xda|\
\xe6J\x16WR\xe8\x1a\x8fL\x04\x10\xe3\xbd\x8d\xd7\x1f\
\xa57\xb7\xf9,\x0c\xc30\xcfs>h\x96\x15\x01\xf8\
\x98<\x83@\xbc\xb3!\xfc\xa8l]\x91\xa1\xe9\xc2\xb4\
%\x83\xae\xa5P$\x00\x07T4\xd9\xeb7\x95s\x9b\
\xff\xeer\xddt8\x88\xc60\x1c\xb0\xc9\x87tkX\
G\x80>h\xb0\xa5\xbb\xe4\xdf\xe6\x806\xdb\xbbP\x0d\
\x93\xe7\x9b\xd4@V\x01\x00J\xef\xd7%x\xaeI\x5c\
\x9b\xff\xd9\xd5u\x06\x00\x86!\x7f\xe5\x9c/\xef\xab\x0b\
\x01=\x00\xa1\xc7F\xd7RY\xd7'\xaa\xda\xde\x85j\
\x98\x88 \x12@\xce\xf6\x9b\xbc\xde\xe6\x9cL\xff\xa5\xeb\
\xeb\xa52\xb6\xbf\x0f\xc2\xb9\x07\xdc\xfbrp\x1d\x01B\
\x10\x01\xb4?\xecr\x12\x9a\x13\xdbh{\x1b\xd5P\xe5\
\x06\x00\xdd\x00\x02\x0e\xbd\xbe\x09t\xdb\xe3w\xf1\xbfU\
\xd6b_y\x9c\xc4;\xa6#\x80O\xdf\xbd\xf7Wu\
\x07\xb2=Q\xd7}[0^\xb9ME\x860\xa4\xbf\
_\x14\x85\x13\xe8]\x9c\xa7\xadm\xba/\xc3\xf0\x0e\xa6\
\xf2\xe7\xf7\xc4\x84S\xfb\xd72\x95\x02\xf0\x01\x94\xeb\x9a\
\xdf%\x11?\xbcw\x93\xd6\xba\xd8W\xb5\xdd\xb4\xaf\xfc\
\x99\xaa\xa7\x0fO\xfa\x8a\xa2\x00pw\x1f\x00yj\xfa\
\xfd\xb6\xe7ik\x9b\xee\xcb0\xbc\x83\xa9\xfc\xb9\x8e\x00\
\x05\x80b[\x7fVw!]\xb6\xdb\x00\xa5\x02]\xcc\
\xf6\xc5\xd8_\x96\xe5\x9d\xcf]\xc8\xe0B\x946\xdbU\
\xd6b_>.\xb25\x01\xd6 \x02TG\x0d\xac\xb8\
\xdd\x06X\xd3g\x22\xe8<\xc6\x8b\xd9\xbeX\x05pb\
\xc8\xdd\xc0\x9a\xc8\xe0B\x94m^/\x95\xb1\xfd\xc5\x91\
\xd1\xad\x08P\x81\x9e&\xc9\xaa\xaa\xaa\xbb>\xd1\xae\xbc\
Y\x05\xb0j\xf2<O[\xe3\xcb\x04\xe0\xfb\xa9\x88\xa0\
\x9b\x9a\xce\xaf\xcd\xff\xec\xea:\x03\x00\xc30\x03az\
\xcf\xf3\x01:\x02,\x01,K\xa9\x17\xc4\xb6\x815}\
\xe62\xe9\xbc^\xfc}\xb1\xe5O\xfc\x1e'\x80\x8b\x1a\
\xd8N6\xff\xdd\xe5\xba\xe9p\x10\x8da\xb8\x84fd\
s]\x08X\x00H\x8b\xa2(6\x05\xd6\xf4Y\x97\xc0\
\x9b\xbc^,\x8fD\xefW\x11@\x0c\x05&5\xd8\x16\
\x11\xba\xbe\xd6\x05e\xba)\xc3\xd4:\x07H\x01|S\
U\xd5\xba\xa6_\xf6\xb6\xe5\xcdm\x807I\xbd\xe8\xf5\
\x1c\xe4\xa2(\xee\xba\x7f\xdfD\x009\x1f\xb0\x0d\x09m\
\x88\xb0\x09Y\x9a\xc8P\xd7u]U\xd5\x1a\xf4^\xe1\
\xd4\x96\x00`;\xdf\x06\x90\x1d\x8777\x81\xcd\xdb\xe8\
\x9b\xbc^L\xf8d\xa0\xe5F\x13\xf9x\xa2\x0a\xd8\xaa\
A\xd7J\xe1r]u\xd8\x80\xe2\xffmh\x9e\x0e\xd2\
\x11`\x01\xe0\x16\x80\xb4\xa2Z)h\x02\xb5-\xf0M\
^\xc5\xc1V\xed+\x82.{\xbd\x08\xbe\xc9\xfbu\x04\
P\x91@\xb7\xcd\x04\xfa6T\xc3\x16\x0b\x86]\xca\xb0\
\x5c\xb8\x10`\x09z\xc7\xcc7eYVu]\x07G\
\xe5\xf1\xa6\x8b\xc7\xdb\xe9e\x02\x88\xe0\xeb\xfa\xef\xe9z\
\x03\x99\x08\xa0S\x80&\xf0\xb7\xa5\x02\xae\xd7\xbd,\xcb\
\x0a$\xff_A3\xca\x88\x8e\x009\xe8\xfd\xb3\xfb\xeb\
\xf5\xba\xe8\xf7\xfb\xbdm\xfc\x09\x1b\xc0\xe5\xed6^/\
^\x1c\x19\x5c\xb1\xfc\x13s\x00>\x97A\x94\x09\xe0\xa2\
\x06\xba\xffu\x14\xd7\xb2\xaek\xac\xd7\xeb\x02\xf4\xc6\xb0\
/\xa1\x19aDG\x80\x82}\xe9\x8b\xd5j\x95\x8dF\
\xa3\xc1\xb6\xc1\xd6\x01.\x82n\xe3\xf5\x22\xf8*\xe9w\
%\x80\x8e\x046jp\x1c\xb9\x828\xadV\xab\x0c\xc0\
\x17\x0c\xcb\xc2\x85\x005H6>\xaf\xeb:\xad\xaaj\
R\xd7\xf5=\x95\x80\xee\xcf\xd8L\xa6\xd8\xae\x93z\x1b\
\xaf\xd7\x81\xaf\x22\x80\xea{:\x197\x91\xc0V\x0dL\
\xa0\xb7\xbd\x8e\x06\x07\xab\xeb\xbaNA/\x88\xf8\x0a\x8a\
\x0a\xc0D\x00\x802\xc7\x9b\x00\xf6\xcb\xb2|0\x0c\xc3\
p\x9bR\xaf\xf3z\x0e\xb6\x8d\xd7\x8b@\x8a$\xe0\xc7\
\xe4\x04\x00\xdc\x1f\x0e\x15\x97U\x93\x0a\xfc\xe3\xcc\x15X\
\x03\xd0>\xc3\xf0\xb6\xeeZ\x99\x08\x90\x02\xf8\x04\xc0\x17\
y\x9e_\x8e\xa2\xa85\x01l\xa4\xde\x94\xe0\xf1\x8b\xc9\
\x81\xb3yB\x97\x1f[\xd5\x95\xdc\x95\x00M* \x93\
\xa0),\xc8\xbf\xad;\xde&\x04\xc8\xf3|\x0d\x92\xff\
O\xd0\xf2\x05\x119\x80O\x01\xdc\x5c,\x16O\x0d\x87\
\xc3\xbe.\x0c4\xc9\x98.\xb6\xdbJ\xbd\xeb\xe3\xd9\xb2\
\xf4\xeb\xfa\xee\xc9\xdf\xb5\xf9?6$P\x85\x846\xa1\
\xc1U\xf6E\xf9_,\x16\x0b\x90\xf7\x7f\x0a\xc3\x10s\
&\x02\xd4\x00\xfe\x0ez\xaa\xf4vY\x96\xd30\x0c=\
\x13\xb3\xc5\xb8\xee*\xf5*\xaf\xb7\x95|\x19DY\xfa\
7!\x80k(h\x9b \xba\x84\x86\xa6\xef\x97eY\
\x83d\xff#\x86\xa1\xb6SA\xd3;\x82\xf6A\xef\x9d\
\xfd<\xcf\xf3\x0b\xbd^\xaf/\x83\xdc\x95\xd4\xdbz\xbd\
\xae[\x96I\xfaU\x04\xe0\xbf\xc5\xbf\xab\x22\x81\x0e\x90\
\xa6\xd2\xb0+5h\x13\x1a\xaa\xaaB\x9e\xe79(\xf9\
\xbb\xc10\xd4Z\x13\x01\x96\xa0\x97\x0d~\x94\xa6\xe9\x13\
l\x14KO\xc7B\x9b2N\x05\xba\x8d\xd7\xabZ\xf8\
T\xe0\xdb>\x9e\xa52\x97\xb0\xd6\xd4@d\xab\x06]\
\x97\x91UU\xd5i\x9a\xa6 \xef\xff\x0b\x1a\x86\x99m\
\x22@\x05\x8a!\x1f\x00x\xb6(\x8a\x9d \x08\x02Y\
\xee\x9b\xa4\xde&\xc1\xd3y\xbdJ\x058\xe02\xf8*\
\xe9\xb7\x91\x7f\x1b\x02\xa8B\x81\x8e\x04*\x22\xe8\xbek\
\x1b\x0a\x9a\x94\x80o+\x8a\xa2\x02\x95}\x1f0\xec\x8c\
/\x8c\xb6yS\xe8-\xd0\xb0d\x9f,\x97\xcb\x87z\
\xbd^\xd2\x04\xb8\x8d\xd7\x9b\xe6\xdcLu\xbe\xbc,K\
??\xa7&\xf9\xd7\xfdNS\x18h\x22\x80n\x9b)\
$\xb8\xaa\x81j\xfbr\xb9\x5c\x812\xff\xf7\x19vF\
\xb3!@\x06\x8a%\x7f\xca\xb2\xecjY\x96\x83 \x08\
\xfc\xa6\xd8.\xae\xeb\xa4^'\xf96\x8d<\xe2\xb2N\
\xfam\xe2\xff&\x04p!\x81j\x1f\x13\xc0\xe2\xe7M\
j\xc0\xcf\xb5,\xcb*\xcb\xb2\xdb\xa0\xf1\x83n@\xf3\
b(W\x02\xd4 )y\x17\xc0\xb3Y\x96\xed\x86a\
\xd87I\xbb\xad\xd4\xeb$\xbf\xa9\xd4S\x81\xaf\xcb\xfc\
u\x04\x10I +\x8a\x8e\x00\xa6\x8a@E\x06\x9bv\
\x82MT@>\xa7,\xcbrP\xe9\xf7.\xc3\xac\xb1\
K\xb1\xedx\x01\xdf\x80^9\xfa~\x9a\xa6\x97\xd8p\
1\x9e\x0c\xfa\xb6\xbc^\x04G\xf4\xfe\xa6\xcc_\x95\x00\
\x8a\xc0\xab~_G\x02\x9d\x12\x98<\xbc\xa9\x9d\xa0\x0b\
5\x10\xf6\xa9\xd34=\x00I\xff{\x0c\xb3F\xb3%\
@\x05\xe0\xaf\x00\xde\x06\xf0\x1fY\x96\xed\x04A\x10\xcb\
\x04P\x81\xde\x85\xd7sPT\xd2o\xca\xfcm\xe5_\
<\x06\x9f\xbb\x84\x01\xdbP\xd0\x85\x1a\xe8\xc8\x22x\xff\
\xdb\x0c+\xab\xa1d]\xc6\x0c\xda\x07\x0dI\xf6\xcc|\
>\xdf\x8b\xe3\xf8\x9c\xcf^\x1f'K\xbeL\x04]\xa2\
g\xe3\xf5*p\x9a\xa4\xdf5\xfe\xab\x8ea\x22\xc0\xa6\
\xa1\xc0F\x0dd\xa0M*Q\x96e=\x9f\xcfo\x83\
\xde\x08\xfa\x074\xd4\xfe\xa2\xb9\x10\xa0\x04%\x16o\x01\
\xb8\xbaZ\xad&A\x10\xf4M-y\xb2\xb7\xbbz\xbd\
\x08\x8c\x8d\xf4\xcb\x9e/\x13\x80\x1fW\x9c\x8b\xc7\x90\xe7\
My\xc0&\xa1\xc0\xa4\x06*R\x99&v\xdb\xf7c\
\x86\xcd\x0dlq\xdc\xc0}\xd0\x80DO\xa5i\xfaP\
\x1c\xc7\xe7=\xcf\xf3MR\xaf\x22\xc1&\xe07I\xbf\
\x08\xfcQ\x12\xa0m(\xd0\x85\x01SH\x10\xf7)\x8a\
\xa2J\xd3\xf4\x16\xc8\xf3\x7f\x0f\x07\xef\x07\xdc\x09\xc0U\
\xe0\x0d\x00\xff>\x9f\xcf'\x93\xc9d\xa4\xf2~\x17\xaf\
\xd7I2\xe0.\xfdb\xe2'w\xffr\xa9\x02\xc4e\
\x0e\xbc\xa9\x1cs\x0d\x056\xdbm\x14`>\x9f/@\
\x03D\xbd\x01G\xef\x07\xda\x8d\x1d<\x031\xed\x89<\
\xcf/\xe4y~\xd9\xf3\xbc\xb0\x8d\xd77\xa9\x81\xaa\x95\
\xafI\xfa\xe5[\xbf&\x02\xe8\x8eiC\x00\x9b\xc6!\
\x1d\x09t!\xc3U\x0d\xf2</\xf2<\xff\x0c\xc0\x9b\
\x0c\x93\x99+\x98m\x08P\x83\xe2\xcdo\x00\x5c>8\
8\xf8\xb7\xdd\xdd\xdd3<!\xb4\xf1z\x15\xf0\xa2\xd4\
\xcb\xebr\xdcWI\xbf*\xf3\x97\xbb\x7f\xb9&\x81|\
Y&\x80m\x180\x85\x02\xf93\x1d\x11\x0c\xa4\xa9\x0f\
\x0e\x0e\xf6\x01\xbc\xc3\xb0\xf8\x18\x16u\xbflm\x08\x00\
\xd0sf\xef\x00\xf85\x80\x0b\xf3\xf9|8\x1e\x8f\x13\
\x00F\xaf7y\xbc(\xc3\xe2\xba\xca\xeb]3\xffM\
\xab\x806\x15\x81\xad\x0a\x98\xaa\x02\x9d\x02\x94e)J\
\xff\xaf\x19\x16\xc6\xd1\xc1t\xd6\x96\x00\x00u4|\x1d\
\xc0#Y\x96\x9d\xc9\xb2\xecr\xbf\xdf\xef\xc9\x0a\x00\xd8\
K\xbd\xbcn\x8a\xfb\xb6\x99\xbf\x8a\x00\xfc\x9c\xe4s\x10\
\x97m\x08`[\x11\xb8\x90\xc0D\x04>\xcf\xb2l\x9d\
e\xd9Mv\xfd_gX\xb4\xb2M\x08P\x01\xf83\
\x80W\x01\x9c\x9f\xcdf\xe3 \x08\x1e\xf4</\x90\xc1\
o\xca\xf8\xe5\x8bo[\xf2\xd9\xb4\xfcuQ\x05\xa8H\
\xd0E(h\xaa\x10T$X\xaf\xd7\xe5l6\xfb\x12\
40\xe4\xab\x0c\x03\xabF\x1f\x95mB\x00\x80d\xe7\
\x0f\x00\x1e\x04pv\x7f\x7f\xff\xf9\xdd\xdd\xdd)\xd8\xab\
i\x5c[\xf8\xf8\xba\xb8\xddF\xfaM-\x7f\xb6\xf2\xaf\
:\xbem\x18\xe8:\x14\xe8\xd4\xa0(\x8az\x7f\x7f\xff\
\x00$\xf9\xff\xc7\xae}+\xe9\xe7\xb6)\x01\x00\xaa;\
_\x07\xbd\x91z<\x9b\xcd\xaeM&\x93\xc4k\xba\xd2\
\xccT\xde\xef*\xfd]\xc4\x7f\xf9|\xda\xe6\x01\xae\xa1\
\xa0\x89\x00\xc2T\xcff\xb3\x14\xd4\xd6\xff\xbf\xec\x9a;\
\xd5\xfc*\xeb\x82\x005hT\xaa\xd7\x00L\xd7\xebu\
\x92\xa6\xe9\xe3\xa3\xd1h\xd0\xf8\xc5\xda\xdc\xb1\xa3I\xfa\
]\xe2?\xa0\x97\x7f\xf1|\xe4y\xdb<\xc0\xa54\xb4\
!A\x9a\xa6\xab\xf5z}\x03$\xfb\xaf\xc10\x12\x98\
\x8buA\x00\xe0\xb0\x81\xe8\x15\x00\xa3\xe5r\x19\xfb\xbe\
\xff\xe8p8\xec\x9b\xbe${?\x9f\xabJ>\xbe.\
K\xbf\xa9\xe5\xef8\x08\xc0\xd7ua\xa0\x0d\x01\x16\x8b\
\xc5j\xb9\x5c~\x04\x02\xfe\x15\xb4h\xf0\xd1YW\x04\
\x00\xa8\xeb\xf1\x1fA\xaf$\xed\xa7i\x1ax\x9ewq\
0\x18\xc4\xaa\x9d\x9b\xbc_^\x16\xc9 \x13\x81'~\
\xb6\x04\x90\x97\xf99\xc8\xcbM\x04\xb0M\x087\x09\x05\
\xcb\xe52K\xd3\xf4o\x00~\x09\xe0\xbf\xd95\xd6v\
\xf3v\xb5.\x09\x00P\x07\xc4\xb7\xc1^5;\x9f\xcf\
\xaf\x83\x06\x9d\xbe\x8b\x04]H\xbf\x98\xf9\xabZ\xfeT\
\xe0\xcb\xa0\xab\x9a\x82\xf9\xba\x89\x04\xae\x04h\x1b\x0a\x96\
\xcbe6\x9f\xcf?\x01\xf0+\x00\xff\xc5\xae\xad\xb1\x93\
\xa7\xabuM\x00\x80\x9eBy\x0b\xec%\x94\xf3\xf9\xfc\
\xc5\xba\xae\x1f\x11\xc3A\x17\xd2oj\xf9k#\xff\xaa\
\xf3\x11\xcf\xcbD\x00\x15\xf8\x9b\x86\x82\xc5b\xb1b\x9e\
\xff+\x00\xff\xc9\xae\xa9\xf6\x09\x9f\xb6\xb6\x0d\x02\x00\xd4\
\x1b\xe5MP}Z\xa4i\xfaRUU\x97\x92$\xe9\
\xd7u\xed5I\xbf.\xf3\x97\x89 \x83n\xba\xff\xdf\
\xb6\x0a\x10\x97m\x08`S\x114\x94\x86u\x9a\xa6<\
\xe6\xff\x12\xe4\xf9o\xc1\xb2\x87\x8f\xabm\x8b\x00\xc0!\
\x09\xd6\x00V\xcb\xe5\xf2zQ\x14WX\x93\xb1\xe7Z\
\xf2\xd9d\xfe6\x04\xe0\xeb*\x93\x95\xc9\x95\x00.a\
@E\x82\xa2(\xea\xd9l\x96\xb2l\xff5P\xcc\x7f\
\x1b[\xf0\xfc;\xd7b[?,\xd8\x00\xc0\x93\x00~\
\x0a\xe0e\x00W\xa7\xd3\xe9\xa4\xd7\xeb\x05\x1cpq.\
N\xfc\x95\xee\xb6\xf7\xfcu\xf7\xff7\xad\x02\xc4eW\
\x02\xd4u}\x8f\xf7\xab\xc0_\xaf\xd7%k\xe4y\x1f\
T\xea\xbd\x02J\xf8:\x8d\xf9\xb2\x1d\x05\x01\x00\x1a\xb3\
\xee\x0a\x80\xeb\x00~\x02\xe0\xdax<>\x1b\xc7qO\
\x06^E\x049\xe9\xd3\x95}\xb6\x04\x90\x97\x01s^\
\x22.\xcb\x04h*\x07mBA\x96ek\xd6\xbc\xfb\
\x0e\xa8\x91\xe75P\xa9\xd7Y\xb6\xaf\xb3m\x86\x00\xd1\
r\xd0\x93*\xfc}5_\xcef\xb3\xe7\xe28\xde\x1b\
\x8dF\xc3 \x08<\x17\xe9\xb7!\x00p\xef`\x0d\x96\
\x8d\x93J\xd0\xc5\xf5&\x02\xd8\x86\x82\x92\xfa\xf2-\xd8\
\x8d\x9d\xdf\x82\x9aw_\x075\xf2tR\xe77\xd9Q\
)\x80x\xbc)\x80\xa7A\xe1\xe0\x05\x00\x8fM&\x93\
i\x14E\xa1\x0ex\xdb\x86\x1f\x1d\x01\xf8\xb28\xd7\x99\
M\x180\x11\xc0\x06\xfc\xaa\xaa\x90\xe7y\xc1\xee\xe7\x7f\
\x08\x02\xfdU\x1cv\xe8\xdc\xb8\x85\xcf\xd6\x8e\x9a\x00\xdc\
\xfa\x00\xbe\x0b\x22\xc0\x8f\x00\x5c\x8b\xa2\xe8\xc2h4\x1a\
\x86a\xe87\xd5\xfc\xb6m\xff\xdb*\x03uI\xa1\x8d\
\x12\x14EQ\xcd\xe7\xf3\x05\xeb\xc9\xf3\x0e\xe8~\xfe\xeb\
\xa0\xbbz\x1b\xdd\xd8ic\xc7E\x00\x80\xda\x09\xce\x02\
\xb8\x06\xe0\x87\x00\x9e\x07\xf0X\x92$\xbb\xfd~?\x0e\
\x82\xc0k\xf2\xfc6\x04\x90\x97E3\xe5\x01\xae\x04\x90\
\xc1/\xcb\xb2^\xadV\x19\xeb\xc0\xf9!\xa8B\xfa\x0d\
\x88\x04_b\x83[\xba\x9b\xd8q\x12\x80[\x1f\xc0E\
\x00\xcf\x00\xf8\x01(<\x5c\x1c\x8dF;q\x1cG\x9c\
\x08.-\x7f.\xad\x80\xdcD\xf0\xf9\xba-\x09L-\
\x83eY\xd6Y\x96\xe5\xac\xdf\xfe\xc7 \x99\x7f\x03\xd4\
\x87\xefc\x1c\x83\xd7\x8bv\x12\x08\x00\xd0y\x8cA\x95\
\xc23\x00\x9e\x05\x95\x8e{I\x92L\x18\x11\xfcM\x08\
 \xce\xef\x1c\xd4\xd37\x05\xcbsW\x02\x94\xf4\xa0f\
\xce\x1e\xd7\xba\x09*\xe9\xde\x02\x01\x7f\x03\xd4\x81\xf3\xc8\
b\xbd\xceN\x0a\x01\xb8\x05\xa0$\xf1\x0aH\x09\xbe\x0f\
\xe0*\x80\xbd8\x8ew\x06\x83A\x9f\xe5\x08\xde6\xe2\
?\xb7\xb6y@UUuQ\x14\xd5r\xb9\x5c\xb1\xa7\
to\x82\xea\xfa\xb7A\x9e\xcf\xdf\xd8q$\x19\xbe\x8d\
\x9d4\x02p\xe3Dx\x14\xc0\xf7\x00<\x05\xe0\x09\x00\
\x0f\x038\x93$I\x12E\x11\x0f\x0f\x9e\x8b\xfc\xdb&\
\x81|\xb9\x89\x04UU\xd5eY\xd6y\x9e\xe7\xec\xcd\
\x1c_\x81\x9e\xcf\xff\x13\xe8)\xdd\xf7@\xcf\xea\x9d(\
\xe0\xb9\x9dT\x02p\xf3\x01<\x00\xe0!\x90*\x5c\x05\
\xf08\x80K\x00\xce\x03\xd8\x19\x0e\x87\xc3(\x8az\x01\
\xc5\x08\xaf\xc9\xfb\xdbT\x01|.\x81^\xe6y\xbef\
o\xe3\xba\x0dz'\xcfG\xa0\xf6\x8e\xf7A\xde\xfe)\
\xa8\xed\xe3X\x12<\x1b;\xe9\x04\xe0\xe6\x81\x86?\xdd\
\x05\x91\xe12\x88\x10\x97\x00\xec\x018\x07`\xeay^\
\xd2\xef\xf7\xe3^\xaf\x17\xb2\x9c\xc1gd\xf0\xdaT\x01\
5\x19\xaa\xaa\xaa\xca\xb2\xac\xd6\xebu\xb1Z\xad\xb2\x9a\
\xde\xc0\xb9\x0fz\x0f\xdfM\x10\xf07@\xef\xe4\xf9\x14\
\xf4f\x8e\x0c' \xc67\xd9\xfdB\x00\xd1\xf8\xe0\xd6\
S\x00\xdf\x01\x11\xe2a\x10\x11\xce\x83\x91\x01\xa4\x1c\x09\
h\x0c\xe4^\x18\x86\xa1\xa0\x12w\x88\x01\xe0\x0e\xd0u\
]W\xdc\xbb\x8b\xa2(*\x1al!\x03\x1b@\x03\x87\
\xa0\x7f\x0e\x02\xfe\x13\x10\xe0\x7fg\x9f)\x87e9\xc9\
v?\x12@4\x0ft\x9f!\x01\xb0\x03\xea\x98z\x96\
Mg@\x8a\xb1\x83C2\x0c@J\x22\x0f\xa5Z\xe3\
ph\xb5\x0c\x04$\x07\xfd6\xc8\xa3\xbf\x02\xd5\xeb_\
\xb2\xe5\xdbl\x9f\x1c\xf7\x81\xa7\xeb\xec~'\x80l\x1e\
\x08\xd8\x08\x04\xf6\x10\x04|\xc2\x96\x07\xa0v\x87\x1e\xdb\
\x8f\x8f\x9c*\x0e\xad\xb6\x02\x11`\x01\x02\x98\x8f\xb7\xb3\
\x04\x81\xad\x1c\x7f\xef~\xb5o\x1b\x01t\xe6\xe1p\xfc\
\x5c_X\x17\x15\x80O\x15\x0eG\xd9\xfc\xd6\x00}j\
\xa7vj\xa7vj\xa7vj\xa7&\xda?\x01\xa9\xeb\
\xcf\x87\xc3\xc0\xf5\xda\x00\x00\x00\x00IEND\xaeB\
`\x82\
\x00\x00\x0d\xda\
\x89\
PNG\x0d\x0a\x1a\x0a\x00\x00\x00\x0dIHDR\x00\
\x00\x00\x80\x00\x00\x00\x80\x08\x06\x00\x00\x00\xc3>a\xcb\
\x00\x00\x0d\xa1IDATx\x9c\xed\x9d\xfbs\x13G\
\x16\x85?\xd9\xb2\xb10~\xf0J0\x0e\xe0\x18\x02\x0b\
\x01R\xa1\x92\xcdfkkk\xf7?Om\xa5\xb2\xe4\
Ql\xf1(\x1e\x89C\x08\xc4\x98\x04\x8c_\xd8\x96m\
\xd9\xda\x1fN\xdf\x1aY\x91F3\xd2\x8c4#\xf5\xa9\
\xea\x92\xb04\x92\x98s\xfa\xf6\xed\xdb\xdd\xf7\x16\xaa\xd5\
*\x1e\x83\x8b\xa1^\xff\x00\x8f\xde\xc2\x0b`\xc0\xe1\x05\
0\xe0(\xf6\xfa\x07t\x11\x85\xba\xd6\x08\xd5\xba\xd6\xf7\
\xe87\x01\x14\x90U\x1bF\xff\xb7Q`\xc4=\xda\xf3\
\x11\xf7\xfa0\x81\x10\xaa\xc0\xbek{\xae\xed\xbaf\xcf\
+\xee\xf5\x03\xfaH\x1cy\x17@\x01\x119\x02\x94\x80\
\xa3\xc0D];\x06\x8c\xbb\xd7\xc7\x80#\x04\x22\xb0!\
\xf0\x80\x80\xfc\x1d\xa0\x0cl\x03\x9b\xc0;`\xa3\xaem\
\xb9\xd7\xf7\xdcu\xb9\x15D\x1e\x05P@\xbf\xbb\x84\x08\
>\x0e\x9c\x04N\xb9v\x128\x01L\x03\x93H\x00G\
\x11\xf9f\x05\x8a\x88\xfcZ\x0bp\x80z\xb9\xf5\xf82\
\x22\xfa\x1d\xb0\x0e\xac\x02o\x81e\xe0\x8dk\xcb\xc0\x0a\
\x12\xc5\xb6\xbb>Wb\xc8\x93\x00\x8a\x88\xc8)\xe04\
p\x068\x0b\xcc\xb8v\x1a\x91?\x8d\x84a\xa4\x1b\xe1\
\xd6\xe3\xa3\xf8\x00f\x11L\x10&\x86\x0d$\x84e\xe0\
5\xb0\xe4\xdaK\xe0\x95\xfb\xdb\x9a{o%\x91\xffu\
\xca\xc8\xba\x00\x0a\xc8dO\x02\xef\x01\xb3\xc0y\xe0\x02\
p\x0e\x11\xff\x1e\x01\xe9\xd6\xcb\x87H~\x86s\xe0\x9a\
Y\x07\x13\xc3\x1fH\x04/\x80_\x81\xe7\xc0\xa2\xfb\xfb\
:\x1aR2k\x15\x0a\x19\x8d\x04\x0e!2O \xd2\
\xe7\x80\x8b\xc0<\x12\xc0\x0c\xea\xedFz\xadC\xd7-\
\x98\xe3hbXFBx\x0e<\x05~\x06\x9e!1\
\xbcu\xef;\xe8\xf2ol\x89\xac\x09\xa0\x80\xc6\xf6S\
\x88\xe8\x8f\x80\xcb\xc0%$\x82\xf7Qo/\x91=\xeb\
UA~\xc0*\xf0;\x22\x7f\x01\xf8\x11\xf8\x09\x09\xe3\
\x8d{Ofnz\x96\x040\x86z\xf5\x1cp\x05\xb8\
\xe6\x1e\xe7\x10\xf1\x93\xc8\xbcw\xbb\xa7\xc7E\x15\x0d\x13\
\xeb\x04Bx\x02<t\x8f\xcf\x90\xb5(\xf7\xe6\xe7\x1d\
F\x16\x04PD\x9e\xfcy\xe0*p\x03\x91\x7f\x119\
z\x13d\xaf\xb7GE\x05\x0d\x0f\xaf\xd0\x90\xf0\x10\xb8\
\x0f<B\x16a\x85\x1e;\x8b\xbd\x14@\x01\xcd\xcf\xcf\
\x02\x7f\x01>\x01n\xa2^?\x8bz|^\x89\xafG\
\x05Y\x84Ed\x05\xee\x01w\x81\xc7h\x06\xb1I\x8f\
\x86\x85^\xdd\xe0\x222\xf7\x97\x10\xf1\xb7\x80\xeb\xc8\xdc\
\x1fG\xa6\xbe\x9fPD\x0e\xed14k9\x87f2\
\x1f !,\xa0a\xa1\xeb\xd6\xa0\x17\x02(\xa1\x1e~\
\x1d\xf8\x0c\x91\x7f\x05\x99\xfb\x12\xd9\x1f\xe3;\xc1(\x12\
\xc0\x04\x8a[\x9cu\xed\x07\xe0\x01\xb2\x10\xdb\xdd\xfcA\
\xdd\x14@\x01\x05q\xe6\x11\xe9\x7f\x05>\x05>D\x9e\
\xfdp\x17\x7fK/Q@A\xaa\x0b\x04A\xad\xf7\xd0\
\xcc\xe7\x0e\x9aB\xae\xd1\xa5!\xa1[\x02\x18F&\xff\
*\x22\xfeo\xc8\xd9\x9bE7c\x10a\xf7\xa4\x84\x84\
p\x12\x0d\x7f\x13\xc8I\x5cFq\x86T\xd1\x0d\x01\x14\
\x91y\xbf\x09\xfc\x1d\x91\x7f\x15\xa9\xbe_\x9c\xbcNp\
\x14Y\xc1q$\x84)\xf7\xfc\x1e\x9a=\xa4\xea\x17\xa4\
M\xc0(\xea\xe5\xb7\x80\x7f \xf2/#\x93\xef7\xa3\
\x04\xb0N2\x86\xc8\xb7\xd5\xcb;\xc8/\xd8M\xf3\x8b\
\xd3\xc2\x11\xe4\xed~\x0e\xfc\x13\xf8\x02y\xfd\xc7\xe8o\
G\xaf]\x0c\xa1!\xe0ct\xefl]\xe3{\xb4\xce\
\xb0\x93\xc6\x97\xa6%\x80#(\xb0\xf3\x05\xf0/\xf78\
\xcf\xe0\x8e\xf7QQ@>\xc0\x15\x0eo^)\xa0\xc0\
Q\xe2\x22HC\x00\xa3\xa8\xe7\x7f\x01\xfc\x1b\xf8\x12\xcd\
\xefK)|W\xbf\xe2(\x8a\x84\xd6\xefZzN\xc2\
\xc3A\xd2\x02(\xa21\xffs\xd4\xf3\xbfD\x0e\xceX\
\xc2\xdf3\x08(\xa1{\x07\x87\xb7\xac\xbd A\xc70\
I\x01\x0c#G\xe6\x16\xc1\x98?\x87'\xbf\x13\x8c\xa1\
{h\xdb\xd5l\x8f\xe2\x12\x09M\x11\x93\x12@\x01\xcd\
co\x22o\xdf\xc6|o\xf6;G\x09\xddK\xdb\x99\
\xb4\x8d\x84\xf0\x9a\x04\x82EI\x09`\x0a\xcd\xedm\x9e\
\x7f\x09\xef\xf0%\x89\xa3\xe8\x9e\xee\xa0\x85\xa3M$\x82\
\xd5N?8\x09\x01\x98B-\xc2w\x19M\xf5<\x92\
\xc51to7Q\xa8x\x03E\x0c;Z;\xe8T\
\x00\xe6\xf4\xdd\x22\x88\xf0M\xe3\xe7\xf9i\xa0\x80\xee\xed\
U$\x80\x15\xb4\xc4\xfc\x8c\x0e\x9c\xc2N\x04`\xe3\xfe\
u\xd4\xfbo\xa0\xf0\xae\x8f\xf0\xa5\x87!t\x8fo\x10\
lO\xdf@\x1bP\xdb\xf2\x07:\x11\xc08\x1a\x97>\
C\xabz\xb3\x1d~\x9eG4\x98\xd5\xfd\x14\x11\xff\x9a\
\xe0\x00Kl\xb4\xdb[\x8bh\x1d\xdb6s|\x88w\
\xfa\xba\x09[@\xba\x8588K\x9b\x9d\xaf\xdd\x1e{\
\x1cm\xe3\xb2\xcd\x1c\xd3m~\x8eG\xfb\x98F\xf7\xfe\
%\xf0\x1b\xf2\x09^\xc7\xfd\x90v\x040\x86\xe2\xfc\x9f\
\xa0\xf1\xff\x0c\x83\xb3\x99#K\xb0\xc0\xdbut e\
\x11\xf9\x03\xb1v\x1b\xc7\x1d\x02\xcc\xf1\xbb\x8a\x82>s\
\xf8`O/QB\x1c\xdcD\x9c\x9c$\xe6\x0c,\xae\
\x00\xec\x0bo \xf3s<\xee\x17z$\x8a\x02\xe2\xe0\
\x0a\xe2d\x8e\x98\x1d2\x8e\x00\x86\xd0\xbe5;\xb41\
K\xff\xed\xde\xcd#l\xd3\x8d\x1d\xa49E\x0c^\xe3\
\x08\xc0\xc6~;\xb41\x19\xe3Z\x8ft1\x898\xb9\
\x868\x8a\xbc\x00\x17U\x00\x05\xb4\xaf\xfd#\x82-\xdc\
~\xce\x9f\x1d\xd8\x96\xb2+\x88\xa3\x13D\x1c\x9a\xa3\x0a\
\xe0\x0823\x97\xd183\x11\xfb'z\xa4\x8d\x09\xc4\
\xcde\xc4\xd5\x91(\x17E\x15\xc0\xa4\xfb\xf0K\xe8\xa0\
\xa6\xef\xfd\xd9C\x11qc'\xa9#\x0d\xd1Q\x04P\
D\xf1\xe7\x8bq>\xd8\xa3'\xb0\x8ez\x91\x88\xdb\xee\
\xa3\x08\xe0(2)\xf3Ha\xde\xf3\xcf.F\x11G\
\xf3D<t\xd3J\x00v\x9c\xeb\xbck\xd3\xf8y\x7f\
\x96aK\xc6\xc6\xd7\x14-\xf8j%\x80\x22:\xbbv\
\x01\xa5e\xf1Q\xbf\xec\xa3\x84\xb8\xba\x80\xb8\x0b\x1d\x06\
Z\x09\xa0\x84\xa6\x17\xe7P\x98\xd1;\x7f\xd9\x87\x1d\xbd\
?Gp\xe2\xba)\xc2\x04`\x87\x14,\x15\x9b\x9f\xfa\
\xe5\x07\x13\x88\xb3\xb3\xeey\xd3a L\x00\xc3(\xce\
l\xa9\xd8\xfc\xf6\xee\xfc`\x0cq6\x838l\xbaZ\
\x1b&\x80\x11dJf\x18\xac\xf3\xfb\xfd\x80a\xc4\x99\
\xa5\xd3\x1bi\xf6\xc60\x01X\xba\xb6\xd3\xb40#\x1e\
\x99\x83\x0d\xdf\xa7\x11\x87M\xfd\x80f\x02\xb0,\x16\x96\
{\xd7\x9b\xff\xfc\xc1\xd2\xee\x9dB\x5c6\xec\xc0\xcd\x04\
0\x84\x14d\xb9w}\xf0'\x7f\x18E\xdcYF\xd5\
\x86\x5c7\x13\xc0\xb0\xbb\xe8D\xd8\xc5\x1e\x99\x86ub\
\xe3\xb0\xa1\x0f\xd7\x8c\xd8\xa2\xbbh\x1a\x99\x0f/\x80\xfc\
a\x08q7MH\xb2\xcdf\xc4\x8e\xba\x8b&\xf1\xe3\
\x7f\x9e1\x868\x9c\xa0\xc90\xdeL\x00#\xe8,\xda\
1B\xa6\x10\x1e\x99GK\x1e\xc3,\xc082!>\
\xfc\x9b_X\x91\x8dqbX\x80\x82{\xb3\xd5\xd8\xf1\
\x01\xa0\xfcb\x18qX\xa2I\xa6\xf5f\x02\x18\xe1p\
\xf5\x0d\x8f|b\x08qh\xa5sb\x09\xc0\xaak\xf9\
\x08`~\xd1\x92\xcbf\x02\xb0Rl\xc5F\x17y\xe4\
\x06Va\xad6\xdd\xdc!\x84\x05\x82\x86C^\xf7\xc8\
\x0f\xac\x90f\xac@\x90U\xe0\xf4\xbd?\xff\x08\xe5\xd2\
\xf7\xf0\x01G3\x01X\xf1\xc4\x9e\x17\x14\xf2\xe8\x18\xa1\
\x5c6\x13\x80e\xa5\xcc\x5c\x9d;\x8f\xd8\xb0*\xa8\x0d\
\x13K6\x12\x80\xa5%\xdd#\x87\xb5p=\x0e\xa1J\
P\xfe\xb6a\x91\xebf\x02\xb0*\xda{\x8d.\xf2\xc8\
\x0dZr\x19&\x802\xcaF\xe9\x87\x81\xfc\xa2\xb6\xd6\
q,\x01\xec\xa2\x0c\x94e\xbaP\xb7\xc6#5Xm\
c\xcb/\x1cI\x00\xb87o\x92\xa32\xe8\x1e\x0dQ\
A\x1cZn\xe1?\xa1\x99\x00\xf6P\xe2\xc1w\xee\xb9\
G>\xd1\x92\xc70\x0b\xb0\x81r\xd1f\xa2\xc8\xb1G\
[(#\x0e7\x88i\x01\xac\xe8\xf1*2!\xde\x11\
\xcc\x1f\x0e\x10w\xab\x88\xcb\x86CyX h\x03x\
\xeb\x1e\xbd\x00\xf2\x87\x03\x0es\x189\x10T{\xf12\
RPju\xeb<R\x83\x15\x94X&\xa4\x13\x87\xad\
\x05l\xa1t\xe4\xcbx? \x8f(\x13\xa4\x94\xdf\x22\
\xe6Z\x00h\xee\xf8\x06% \xdeh\xf6\x01\x1e\x99D\
\x15q\xf6\x1aq\xd8\xb4\xaaH\x98\x00\xf6\x90\x82\x96\x90\
)\xf1\x01\xa1\xfc`\x1fq\xb6\x848l:\x95\x0f\x13\
\xc0>JA\xbe\x84\x0a\x13\xf8a ?(#\xce\x96\
\x10\x87M;o\x98\x00\xcc\x8c\xbct\x1f\xb4\x91\xe0\x0f\
\xf4H\x17\x1b\x88\xb3\x97\xb4\x18\xbe[\xed\x08\xdaF%\
\xcc_ S\xe2\xc3\xc2\xd9G\x05q\xf5\x02q\x17Z\
U\xac\x95\x00*\xc8\x91\xf8\x15)\xaa\xa3\x12e\x1e]\
\xc16\xe2\xeaW\xc4]h\xa7m%\x80**Q\xf6\
\xdc\xb5U\xfcl \xcb\xa8\x22\x8e\x8c\xaf5Z\xf0\x15\
eS\xe8\x16*G\xf2\x14\xf8\x1d\x1f\x14\xca2v\x11\
GO\x11g[\xad.\x88\x22\x80\x0a\xf2(\x7fFE\
\x0a\xd7\xdb\xff}\x1e)\xc3\x0aI\xfe\x8c8k\xe9\xb3\
E\xdd\x16n\x1f\xbc\x80\x14\xe6\x9d\xc1\xec\xa1\x82\xb8Y\
 FG\x8d*\x80\x1ddR~t\x1f\xee\xa7\x84\xd9\
\xc3\x06\xe2\xe6G\xc4\xd5N\x94\x8b\xa2\x0a\xa0\x8aV\x95\
~\x02\x9e\xa0\xe9\x85\xb7\x02\xd9A\x05q\xf2\x04q\xf4\
\x96\x88\xcez\x9c\x93Ae\xe4Y>Dc\x8c\xf7\x05\
\xb2\x83u\xc4\xc9C\xc4Q\xe4\xa8m\x1c\x01\x1c\xa0\x85\
\x85'\xee\x8b\x16\xf13\x82,`\x17q\xf1\x10q\xf3\
\x86\x18\xfb7\xe2\x9e\x0d\xdcF\xe3\xcc}\xf7e+\xf8\
\xb8@/QE\x1c<A\x9c<#f\xb0.n\xfe\
\x9f*\x0a3>B\xc5\x8b\xcf\xa1\x0cT\xbepto\
`\x1d\xf2\x1e\xe2d\x99\x98\x1d\xb2\x9d\xd3\xc1\xe6\x0b\xdc\
\x05\x1e \xe7\xc3/\x15w\x1f\xfb\xe8\xde?@\x5c\xc4\
\x1a\xfb\x0d\xedf\x00[\x01\x1e\x03\x1f\xa0\x9c\xf4S(\
%\xa9G\xf7\xb0\x8aL\xff\x1d\xc4\xc5J;\x1f\xd2\xae\
\x00*h\xa9\xf1.\x12\xc0i\x94\x89\xca\x0f\x05\xdd\xc1\
\x16\xf0\x0b\x22\xff.\xe2\xa2\xadiy'9\x007Q\
\xd4\xe9\x07T\x9c`\x0a\xf9\x05>\xaf`\xba\xa8 \xaf\
\xff\x7f\xe8\xde/ .\xdaB'd\x99C\xf8\x80 \
\xad\xfc8\xaaS\xe33\x8f\xa4\x83\x03\x14\xe3\xbf\x0f|\
\x87\xee}l\xc7\xaf\x16\x9d\xf6VS\xe3\x1dT\x9ad\
\x0a\xe5\xa4\xf3e\xe5\x93\x87-\xf5>\x02n\xa3{\xbe\
H\x87\x11\xd9$\xcc\xf56Z~\x9c@\x02\x18\x07>\
\xc6\x17\x99J\x1a\xefP\x9c\xff6\xea\xfdOI`\x83\
NR\xe3\xf5\x1aR\xe6\xb8kGP%k\xef\x14&\
\x83-4\xd6\xdf\x06\xbeA\xf7z-\x89\x0fNJ\x00\
\xe6\x0f\xdc#\xc81<\x82j\xd8\xfab\x93\x9d\xc1,\
\xec\xb7\xc0\xd7\xe8\x1ew4\xee\xd7\x22I\x8f\xdd\x02\x13\
wP~Z\xcbN\xf9!\xbe\xe6@\xbb(\xa3H\xdf\
\xb7\xc0\x7f\xd0\xbdM4\xf0\x96\xf4\x94\xcd\x9c\xc2\xef9\
\x9c\x9at\x0eo\x09\xe2\xc2\xc2\xbc\xff\x05\xbeB\xf7\xb4\
c\xa7\xaf\x1ei\xcc\xd9w\xd1\x96d#\xdf\xb2\x8e\xcd\
\xe3}\x82\xa8\xd8\x220\xfb_\xb9\xc7\x17\xa4\xb0\xfa\x9a\
V\xd0f\x07\xc5\xa6kS\xce\xed\x01\x97P\xf5\x0a?\
El\x8c*\xf2\xf6\x17\x08\xcc\xfe\xf7\x88\xfcH;|\
\xe2\x22\xcd\xa8\x9d\x89`\x9f S\xd5\x0ep\x19\x152\
\xf2\xc1\xa2\xc38@\xf3|\x9b\xea}M0\xd7Om\
\xdfE\xdaa[\x1b\x0e\xf6\xd0\x98\xb6\xe9\xdaU\x14>\
\xf6ac\xc1v^[\x90\xe7\x1b\xe4\xed\xa7\xbe\xf5\xae\
\x1b\x04T\xd0I\x15\xcb<\xb6\xe6\xda\x0d`\x16\xef\x17\
\xd8\xb9\x8b\xfb\x04A\x1e[\xdbO}\x99\xbd[=p\
\x1f\x1dS\xb2\xe4S+\xe8?\xf8)\x9a&N3x\
\xb5\x89\xec\x08\xf7/ha\xe7;d\xf2\x9f\x12\xe1D\
OR\xe8\xa6\x09\xae\x8de\xaf\xa3\xbdk\x7f\x00\xb7P\
\xd4\xf0\x0c\x9a*\xf6\xbb\x83X%8tk\xeb\xf9?\
\xa0\x85\x9dE\xba|\xfe\xb2\x17c\xb0\xcdo-\x83\xc5\
K\xd7\xae\xa3x\xc1q\xfa\xb7V\xf1.\xb2~\xcf\x10\
\xe1\xb6\x9e\xbf@\x8fN_\xf7\xca\x093\xa7g\x13\x89\
\xe07t\x9a\xf5&\xb2\x06\xb3\xa8\xe2e\xbf8\x89\x15\
d\xf5\x16Q\xaf\xbf\x87\x88\x7f\x8c\xc4\xbfI\x8f6\xd7\
\x16\xaa\xd5\x9eo\xea-\xa2^\x7f\x1e\xcd\x0en\x00\xd7\
\xd0:\xc2\x19B\xea\xde\xe6\x00\x96o\xf1\x15\xc1\xbe\xfd\
\xfbh\x18|\x8e\xacAO\x0f\xd8dA\x00\x06\xabw\
?\x87\xac\xc05\xf78\x07\xbc\x8f,B\xc3\xe2\x87\x19\
\x83%\xdb^Gg\xf5\x9e\x11\x9c\xa5x\xe2\xfe\x9d\x99\
\xcckY\x12\x00\x88\xdc\x12\xdaat\x1e\xf8\x08\x05\x8e\
.\x11\x08a\xda\xbd'kV\xa1\x82\xfc\x9bU\x02\xe2\
\x17P`\xe7'\xd4\xe3-cWfnz\xd6\x04`\
\x18B\x16\xe1\x04\xf2\x07\xe6\xd0\x900\x8f\x841\x83\xac\
\xc5\x04Ay\xdbn[\x06\x0bs\x97\x09\x92j.!\
\xa2\x9f\x12\x1c\xa7_Dg\xf5\xcad0\xe3jV\x05\
`(\xa0\xcd%\x93(r8\x8b\x04p\x01\x1dJ\x99\
q\x7f\x9f&\x10\x83\x95\xbbM:\xd4|\xc0\xe1\x02\x0c\
\x96K\xd9\xb2q\xbd@\x8e\xecsD\xfa\x1fh\x18\xd8\
!C=\xbe\x1eY\x17@-\xac\x12\xf6\x14\xda\x86~\
\x06mI\x9fq\xed4\xb2\x0a\xd3\x04\xa7\x95lcJ\
\x91\xa0\x10f\x81\xe6\xd6\xa2JPek\x9f\xa0\xdeN\
\x19E\xec\x8c\xf4e4{Y\x22\xc8\xc6\xf5\xca\xfdm\
\x8d\x1c\xd5Y\xc8\x93\x00\x0cV\x0e\xb5\x84\x88>\x8e\x88\
?E\xb0;\xf9\x04\x12\xc2$Z}41\xd8F\x95\
\x22\x87\x8b)\x1a\xe9F\xb8\xf5\xf2-\xb4:\xb7\x8e\x88\
\x7fK\x90~\xd5\xd2\xe8\xae al\x93\xc3\x22[y\
\x14@-j\xeb\x1c\xdb\xc1\x94\x89\xbav\x0c\xedS\xb4\
\xadjVH\xb9\xb64\xae\xf5x+\xb0deV6\
\x91\x006\xea\xda\x96{\xbdi5\xae\xbc \xef\x02\xa8\
\x87\x95I\x1dF\xbd\xdcz\xfch\xcds#\xbf\xd6q\
4\x87\xaev\xef\xc2\xaek\xf6\xbcBPK\xb1on\
Z\xbf\x09 \x0c\x85\xba\xd6\x08\xd5\xba\xd6\xf7\xc8\xda\x5c\
:M\x0c\x0c\xa9q\xe0w\xe5\x0c8\xbc\x00\x06\x1c^\
\x00\x03\x8e\xff\x03\xe9\xaf\xa0\x0c\x15\xb5Q0\x00\x00\x00\
\x00IEND\xaeB`\x82\
\x00\x00\x03_\
\x89\
PNG\x0d\x0a\x1a\x0a\x00\x00\x00\x0dIHDR\x00\
\x00\x00\x80\x00\x00\x00\x80\x08\x06\x00\x00\x00\xc3>a\xcb\
\x00\x00\x03&IDATx\x9c\xed\xd2Mn\xda@\
\x1c\x86\xf1\xd7\xe3\x0f)1\xfb\x1c!\xdb\xa87\xe1\x22\
]q\x0cV\xbd\x087\x89\xb2\xaa\x94#\xb0\xc7\xaad\
\x1b\xbb\x8b\x08\x94\x82\x81\xa121\xed\xfb\xfc\xa4\xbf\x84\
\x86\xd1hl?\x12\x00\x00p\x94\x9cXO%\x15_\
y\x91\xaf6\x9f\xcf\xb5X,$I\xcb\xe5R\xab\xd5\
j\xe2\x1b\xdd\x5c-i{\xb88\x14@*\xe9E\xd2\
\xf3\x8d/t\x95\xb2,5\x9b\xcdT\x96\xe5\xa8\xbf%\
\xa9\xaa*UU\xa5\xcdf3\xea\xef;\xf3.\xe9M\
\x07\x11d\x03\x1b\x0b}|\xfc\xef\xe7N\x0b!(\xcf\
\xf3\xa3)\x8abp}\xec=c\x9c\x91\xa6\xa9$\xe9\
\xe1\xe1AY\x96\xe9\xf1\xf1QM\xd3\x1cM]\xd7\x83\
\xeb\xd7\xec\x19\xe3\x8cs{\xba\xae\xbb\x14\xc0\x0fI?\
%\xfd\xba\x14\xc0\xde\xd3\xd3\xd3\xb7,\xcb\x94\xe7\xb9\xb2\
,\xbb8\xff\xca\xbe4M\x15BP\x92$\xfb\x98\xd3\
4U\xdf\xf7\xfbgO\x92d\xbf\x9ee\x99\xda\xb6=\
\x9a\xa6i\x06\xd7\xefm\xdfz\xbd~=\xf5\x8d\xcf\x06\
 Iy\x9e\xe71/w\xf7bc&\x84\xf0\xc7\xc4\
\xee;5I\x92DM\xac\xd8\xf3b\xef\xb7\x8b\xebp\
\xba\xae\x8b\xda74\xb1\xda\xb6m\xce\xfd\x1f\xa2O\xba\
\x91k>\xcc\xff\xe6\x1e\x9e}\xf2\x000-\x020G\
\x00\xe6\x08\xc0\x1c\x01\x98#\x00s\x04`\x8e\x00\xcc\x11\
\x809\x020G\x00\xe6\x08\xc0\x1c\x01\x98#\x00s\x04\
`\x8e\x00\xcc\x11\x809\x020G\x00\xe6\x08\xc0\x1c\x01\
\x98#\x00s\x04`\x8e\x00\xcc\x11\x809\x020G\x00\
\xe6\x08\xc0\x1c\x01\x98#\x00s\x04`\x8e\x00\xcc\x11\x80\
9\x020G\x00\xe6\x08\xc0\x1c\x01\x98#\x00s\x04`\
\x8e\x00\xcc\x11\x809\x020G\x00\xe6\x08\xc0\x1c\x01\x98\
#\x00s\x04`\x8e\x00\xcc\x11\x809\x020G\x00\xe6\
\x08\xc0\x1c\x01\x98#\x00s\x04`\x8e\x00\xcc\x11\x809\
\x020G\x00\xe6\x08\xc0\x1c\x01\x98#\x00s\x04`\x8e\
\x00\xcc\x11\x809\x020G\x00\xe6\x08\xc0\x1c\x01\x98#\
\x00s\x04`\x8e\x00\xcc\x11\x809\x020G\x00\xe6\x08\
\xc0\x1c\x01\x98#\x00s\x04`\x8e\x00\xcc\x11\x809\x02\
0G\x00\xe6\x08\xc0\x1c\x01\x98#\x00s\x04`\x8e\x00\
\xcc\x11\x809\x020G\x00\xe6\x08\xc0\x1c\x01\x98#\x00\
s\x04`\x8e\x00\xcc\x11\x809\x020G\x00\xe6\x08\xc0\
\x1c\x01\x98#\x00s\x04`\x8e\x00\xcc\x11\x809\x020\
G\x00\xe6\x08\xc0\x1c\x01\x98\x9b<\x80\xbe\xef\xa7\xbe\xc2\
d\xee\xe1\xd9\xb3K\x1b\x9a\xa6ib\x0fK\x92$j\
B\x08\xea\xban?\xdb\xed6j\xdf\xa9\xe9\xfb>j\
b\xc5\x9e\x17s\xb7\xdd\xf3\x0dM\xec\xbe\xc3i\xdb6\
jb>\xdd\xd9\x00\xd6\xeb\xf5\xeb\xa9\xffB\x08\xca\xf3\
\xfch\x8a\xa2\x18\x5c\x1f{\xcf5g\xec\x22\xf9\x1cj\
\x08a\xbf\xb6{\xf9\xbb\x97v8u]\x0f\xae_\xb3\
g\x8c3\xce\xed\xe9\xba.:\xf0\xcf\x92\x81\xb5T\xd2\
\x8b\xa4\xe7\xbf:\xf1F\xca\xb2\xd4l6SY\x96\xa3\
\xfe\x96\xa4\xaa\xaaTU\x956\x9b\xcd\xa8\xbf\xef\xcc\xbb\
\xa47I\xdb\xcf\x8bC\x01H\x1f\x11\x147\xbe\xd0\xa4\
\xe6\xf3\xb9\x16\x8b\x85$i\xb9\x5cj\xb5ZM|\xa3\
\x9b\xabu\xf0\xf1\x01\x00\x80\xaf\xdf\xbaA~5\xe6N\
\xed\x91\x00\x00\x00\x00IEND\xaeB`\x82\
\x00\x00\x02\x17\
\x89\
PNG\x0d\x0a\x1a\x0a\x00\x00\x00\x0dIHDR\x00\
\x00\x00\x80\x00\x00\x00\x80\x08\x06\x00\x00\x00\xc3>a\xcb\
\x00\x00\x01\xdeIDATx\x9c\xed\xd6\xb1m\xdb`\
\x18E\xd1\xcf\x82w\x10\x5cg\xa2T\x9e1\x95'r\
mx\x091\x85S8\x8a\x14\xa9\x08I\xc4\xf7\x1c@\
\x0d\xc9\xe2\x01\xba\x04\xff\x87eY\x86\xae\xc3\xde\x03\xd8\
\x97\x00\xe2\x04\x10\xf7x\xe5\xfaa\xc4\xf1\xd5\x9c~\xfd\
~s)\x80\xc3\xcc<\xcd\xccq\xedEl\xea}f\
\xde\xe6,\x82k\x01\x1cg\xe6y\x83Ql\xe7\xc7|\
Dp3\x80\xcf\xbe\xaf6\x87-\xbd\x5c\xbbq+\x80\
\x99\x99o\xffp\x08\xdb{\xfd\xdb\xcd{\x02\x98q \
\xfc_\xfdq\xe8;\xe7\x8f\x8d\x13@\x9c\x00\xe2\x04\x10\
'\x808\x01\xc4\x09 N\x00q\x02\x88\x13@\x9c\x00\
\xe2\x04\x10'\x808\x01\xc4\x09 N\x00q\x02\x88\x13\
@\x9c\x00\xe2\x04\x10'\x808\x01\xc4\x09 N\x00q\
\x02\x88\x13@\x9c\x00\xe2\x04\x10'\x808\x01\xc4\x09 \
N\x00q\x02\x88\x13@\x9c\x00\xe2\x04\x10'\x808\x01\
\xc4\x09 N\x00q\x02\x88\x13@\x9c\x00\xe2\x04\x10'\
\x808\x01\xc4\x09 N\x00q\x02\x88\x13@\x9c\x00\xe2\
\x04\x10'\x808\x01\xc4\x09 N\x00q\x02\x88\x13@\
\x9c\x00\xe2\x04\x10'\x808\x01\xc4\x09 N\x00q\x02\
\x88\x13@\x9c\x00\xe2\x04\x10'\x808\x01\xc4\x09 N\
\x00q\x02\x88\x13@\x9c\x00\xe2\x04\x10'\x808\x01\xc4\
\x09 N\x00q\x02\x88\x13@\x9c\x00\xe2\x04\x10'\x80\
8\x01\xc4\x09 N\x00q\x02\x88\x13@\x9c\x00\xe2\x04\
\x10'\x808\x01\xc4\x09 N\x00q\x02\x88\x13@\x9c\
\x00\xe2\x04\x10'\x808\x01\xc4\x09 N\x00q\x02\x88\
\x13@\x9c\x00\xe2\x04\x10'\x80\xb8\xc7;\x9f;\xad\xba\
\x82\xdd\xdc\x13\xc0\xeb\xea+\xd8\xcd\xad\x00^6Y\xc1\
n\x1e\x96e9\xbfv\x98\x99\xa7\x999n?\x87\x15\
\xbd\xcf\xcc\xdb\x9c}\xce/\x050\xf3\x11\x81\x03\xe2\xd7\
r\x9a\x0bg\xb9k\x01\x10\xe1-\x8f\x13@\x9c\x00\xe2\
~\x02\xe1\x5c\x1f\x8d\xcaX62\x00\x00\x00\x00IE\
ND\xaeB`\x82\
\x00\x00\x02\xa1\
\x89\
PNG\x0d\x0a\x1a\x0a\x00\x00\x00\x0dIHDR\x00\
\x00\x00\x80\x00\x00\x00\x80\x08\x06\x00\x00\x00\xc3>a\xcb\
\x00\x00\x02hIDATx\x9c\xed\xd4Oj\xdb@\
\x00F\xf1O\x9ah\xc0'\xf0\x11\xba-\xcd\xbdz\x98\
\x1c,tU\xf0\x11\xbc\xf3\xce`;R\x17\xc5!1\
\xb1\x85[\xf9\x0f~\xef\x07\x83\x84\x18\xc6#\xcd\xc3\x89\
$I\x22j\x8e</I\xea57\xa2\x8b\xdb$y\
;|\xf8U\x00%\xc9\xf7$\xdf.\xbc\xa1\x87Sk\
M\xd7u\xa9\xb5\xde\xdd\xfdj\xb5Z<??\xff\xca\
A\x04O_\xbdG\xfe\x1e\xfe\xcfK|\xa4\xb6m\xd3\
\xb6mJ))\xa5\xbc\xdf\x1f\xbb>\xda\x9c[\xed\xa3\
\xd6\xfa2\x9f\xcf\x7f/\x97\xcb\xf5X\x00\xeff\xb3\xd9\
\x8f\xfd\x81\x8d\x8d\xfd\x8fM5\x5co\xba\xf5\x86ax\
=v\xc6'\x03H\x92\xae\xeb\xba)7v\x8fc\xea\
\x8f\xff/\xa3i\x9aI\xc7\x07\xdb\x93\xff\xc8c\x01<\
\xba\x83\x8f\x85\x83\x0f\x80\xce\x00\xe0\x0c\x00\xce\x00\xe0\x0c\
\x00\xce\x00\xe0\x0c\x00\xce\x00\xe0\x0c\x00\xce\x00\xe0\x0c\x00\
\xce\x00\xe0\x0c\x00\xce\x00\xe0\x0c\x00\xce\x00\xe0\x0c\x00\xce\
\x00\xe0\x0c\x00\xce\x00\xe0\x0c\x00\xce\x00\xe0\x0c\x00\xce\x00\
\xe0\x0c\x00\xce\x00\xe0\x0c\x00\xce\x00\xe0\x0c\x00\xce\x00\xe0\
\x0c\x00\xce\x00\xe0\x0c\x00\xce\x00\xe0\x0c\x00\xce\x00\xe0\x0c\
\x00\xce\x00\xe0\x0c\x00\xce\x00\xe0\x0c\x00\xce\x00\xe0\x0c\x00\
\xce\x00\xe0\x0c\x00\xce\x00\xe0\x0c\x00\xce\x00\xe0\x0c\x00\xce\
\x00\xe0\x0c\x00\xce\x00\xe0\x0c\x00\xce\x00\xe0\x0c\x00\xce\x00\
\xe0\x0c\x00\xce\x00\xe0\x0c\x00\xce\x00\xe0\x0c\x00\xce\x00\xe0\
\x0c\x00\xce\x00\xe0\x0c\x00\xce\x00\xe0\x0c\x00\xce\x00\xe0\x0c\
\x00\xce\x00\xe0\x0c\x00\xce\x00\xe0\x0c\x00\xce\x00\xe0\x0c\x00\
\xce\x00\xe0\x0c\x00\xce\x00\xe0\x0c\x00\xce\x00\xe0\x0c\x00\xce\
\x00\xe0\x0c\x00\xce\x00\xe0\x0c\x00\xce\x00\xe0\x0c\x00\xce\x00\
\xe0\x0c\x00\xce\x00\xe0\x0c\x00\xce\x00\xe0\x0c\x00\xce\x00\xe0\
\x0c\x00\xce\x00\xe0\x0c\x00\xce\x00\xe0\x0c\x00\xce\x00\xe0\x0c\
\x00\xce\x00\xe0\x0c\x00\xce\x00\xe0\x0c\x00\xce\x00\xe0\x0c\x00\
\xce\x00\xe0\x0c\x00\x0e\x1f\xc00\x0c\xb7\xde\xc2M=\x8d\
M\xd8n\xb7\xdb\xb6m36J)\xa3s\xce\x19\xa5\
\x94\x0c\xc30\xd9\x183\xf5z\xe7j\x9a\xe6\xaa\xef\xbb\
w2\x80\xf5z\xfd\xfa\xdfov\xe0\xe3\x01\xef\xa39\
u}\xb49\xd7\xdaG\xdf\xf7\x9f\x9e\x9d\x13\xc0&\xc9\
\x22\xc9\xcb\xd4\x87\x9f$}\xdf\xa7\xef\xfb\xecv\xbbK\
,\x7fS\xb5\xd6t]\x97Z\xeb\xdd\xdd\xafV\xab\xc5\
r\xb9\xdc\x1c\xee\xb99\xf2.%I\xbd\xec\xe7\xd2\x95\
m\x92\xbc\xddz\x13\x92$\xe9>\xfc\x01)\xe1\xdc\xd3\
d\xec0X\x00\x00\x00\x00IEND\xaeB`\x82\
\
\x00\x00\x07\x96\
\x89\
PNG\x0d\x0a\x1a\x0a\x00\x00\x00\x0dIHDR\x00\
\x00\x00\x80\x00\x00\x00\x80\x08\x06\x00\x00\x00\xc3>a\xcb\
\x00\x00\x07]IDATx\x9c\xed\x9dko\x13G\
\x14\x86\x1f\xe7B\x02\x09\xc4P(\x14R\x1a\xca=\x10\
\xfb\xff\xff\x82~\xe7\x07\xb4H\xe5\x13\x15B\xeaE\x84\
^\x94~\x98\x19yv\xb2\x8eo3{\xce\x5c\x1e\x09\
\xc9\xd8kg\xbc\xfbzw\xce\x99\xf7\x9c\x1d]\x5c\x5c\
\xd0\xa8\x97-\xe9\x014di\x02\xa8\x9c&\x80\xcai\
\x02\xa8\x9c&\x80\xcai\x02\xa8\x9c&\x80\xcai\x02\xa8\
\x9c&\x80\xcai\x02\xa8\x9c&\x80\xca\xd9\x91\x1e\x80 \
#`\xdf>>\x07\xaa\x5c\x14\xa9Y\x00\x07\xc0\xc4>\
~\x07\xfc)8\x161j\x15\xc06\xf0\x00\x98\xda\xff\
\x7f\x04~\x01\xfe\x13\x1b\x91\x10\xb5\x0a\xe0\x16\xf0\x9c\xd9\
\x19\xe0=\xf0\x09\xf8,5 )j\x14\xc05\xe0\x18\
x\x0b\xbc\xb1\xcf\xfd\x0c|\x00\xfe\x02\xfe\x16\x1a\x97\x08\
\xb5\x09`\x04\xdc\x06^bN\xffO\xec\xf3S\xcc%\
\xe0\xa3\xfdW\xcd\x84\xb06\x01\xec\x03'\x98S\xff+\
\xe0\xae}\xfe\x95}\xeeW\xe0w\xe0\x8b\xc4\xe0$\xa8\
)\x0f\xb0\x05\xdc\x03^\x03g\xc0c\x8c \xf6\xed\xe3\
3\xfb\xda=*\xda/\xd5|QL\xd8\xf7\x14\xf3K\
\x7f\x09\x8c\xbd\xd7\xc6\xf6\xb9\x89\xdd\xe6`\xe0\xb1\x89Q\
\x8b\x00v\x80\x87\x98I\xdf[\xfbx\xd7{}\xd7>\
\xe7&\x86\x0f\xa9\xe4\xf2X\x8b\x00\x8e0a\xdf\x14x\
\x06\xdc\xec\xd9\xe6\xa6}mj\xb7=\x1alt\x82\xd4\
 \x80=L\xd8w\x06\x9c\x02\xf7\xe9\xff\xde[\xf6\xb5\
S\xbb\xed\xb1}o\xd1\x94.\x80\x11p\x87\xd9,\xff\
\x04\xb8~\xc5\xf6\xd7\xe9F\x09w\xecg\x14K\xe9\x02\
\x08\x0f\xe87\x5c}@Gv\x9be\x05\x93=%\x0b\
 <\xa5\x7f\xcfr\xa7\xf4=\xbb\xed\xa2KF\x11\x14\
\xfb\xc50\x93\xba\xa7\x98I\xdd\x0bV\x9b\xd4\x1d\xd9\xf7\
L\xedg\xf4M\x1a\x8b\xa0T\x01\xb8\xb0\xcf\x85u\xdf\
\xb1ZX\xb7c\xdf\xe3\x87\x8dE\x86\x85\xa5\x0a`\x8c\
\xf9\x05\xbb\xc4\xce\xe1\x1a\x9fq\xc8,q\xf4\x82n\xe2\
\xa8\x18J\x14\xc0\x1e\xb3\xd4\xee)\xf0-\xeb}\xcf-\
\xfb^7\x87xL\x81aai\x02\x18a\x16x^\
c~\xb9?0\xb3}\xad\xc3\xbe\xfd\x8c\x89\xfd\xcc\xbb\
\x14\x16\x16\x96&\x80\x1b\x98%^\x97\xef\xdf4\x8ew\
y\x04\xb7N\xf0\xc4\xfe\x8db(I\x00\xce\xe6\xe5&\
n\xc7\x18\xf3\xc7\xa6\x84\x06\x92\x07\xf6o\x15AI\x02\
p\xb9\xfc\x09\xf1s\xf9n-a\xc2\xfc\xb5\x84,)\
E\x00\xbb\xc0#\xbaa_\xcc_\xe96\xdd\xb0\xf0\x11\
\xdd\xd5\xc4l)A\x00\xbe\xcdk\x02\xfcH\x9a\xeb\xf4\
\x0d\xfb\xd9n~q\x9b\x02&\x84%\x08`\x8f\xeeL\
=\x95\xa3\xc7w\x14\xb9\x08#\xfb\xb00w\x01\x846\
\xaf\xd4\x07\xc5\x89\xad\x18\xfbX\xd6\x83\xc7X\xb7\x86<\
-\xf7]n\xb2\xb6\x8f\xe5,\x800\xec\x1bjb\x16\
N8\xb3\x0e\x0bs\x16\x80dh\x962\xe4\x1c\x94\x5c\
\x05 \x9d\x9cI\x95t\x1a\x9c\x1c\x05\xa0%=\x1b;\
\xed,B\x8e\x02\xd0\xb2@\x13{\xe1I\x84\xdc\x04\xa0\
m\x896\xd6\xd2\xb3\x18Y\x0d\x16\x9d&\x8d1\x9b\x9b\
O\xc4\xc8I\x00ZmZ\x9b\xda\xcfD\xc9I\x00\xbe\
QS\xdb\x8a\x9c_U\xb4\xaa\x01U\x94\x5c\x04\x10Z\
\xb5\xb5]k\xc3\xb9\xc9\xb2\x16tq4\xed\xc4y\xe4\
R\xac\xb1j\x11\x8a\x0ar\x10@.;6\x17\xa1v\
\xd0.\x80\xbe\x82M\xcd\x197\x97\xa1\xcc\xa6\xaaH\xf5\
\xe0\xc8sr\xa5y\xb2z\x09\xcd\x02\x08\x9b6\xe4\x12\
^\xf5\x85\xabj\xedc\x9a\x050&\xdf\xb6-W\xb5\
\xa3Q\x85V\x01\xe4\xde\xb8i^C*uh\xdc\xa9\
n\x91\xc5\x9fM\xab\xdcy\x0b\xe8kI\xa7.z\xd1\
(\x80\x03\xcc2\xeb\x94\xbc\xdd\xb7}M)\xd5]\xc6\
\xb4\x09`\x1b\x13:eo\xb4\xb0\x84\xc6\x95\xfb(\xb3\
\x8fi\x13\xc0-\xbaV\xab[\xb2\xc3\x89\x82\xdf\x98\xfa\
\x19\xca\xbe\x93&\x018\xb3\xe5\x19\x05\x98-=|\xfb\
\xd8\x19\xca\xaa\x8a\xb4\x08 \xb4y\xa5\xaa\xee\x91\x22\xac\
*Rc\x1f\xd3\x22\x800\xec\xbb\x8b\x9e\xb1\xc5`\x8b\
\x99}LUX\xa8a'\xbb\x98\xf9\x14\xf3\x0b\x91\xb6\
y\xa5\xc2\xd9\xc7&\x98\xef\xaa\x22\xb7!>\x00\xba\xd5\
=/\xc87\xec[\x84\x0b\x0b\x9d}LEU\x91\xb4\
\x00v\x90\xa9\xee\x91\xa2\xaf\xaaHt}CZ\x00a\
\x88\xa4z\xe5,\x12aU\x91hX()\x00\x7f\xed\
\x5ce\x92$\x11~\xb2K\xdc\xe3 %\x80\xbe&\xce\
%\x85}\x8b\xb8\x81\x92\xa6\xd4R\x02\xf0m^E\xb6\
_[@XUt\x82\x90}LB\x00\xd9:h#\
\xa3\xc2\xe9,!\x80C\xbaa\xdfX`\x0cZ\x18\xd3\
\x0d\x0b\x07\xaf*\x1aZ\x00~\x15\x8d\xa6\xea\x1e)\xc4\
\xf7\xc7\xd0\x02\x183\x0b\xfb\xb2\xab\xa3K\x84_\xef\xf8\
\x9c\x81\xcf\x88C\xaa\xcd]\xf3&\x98\x10H[u\x8f\
\x14nN\xf4\x06s\xf7\xd2\x0f\xc0\x1f\xc0\xd7\xa1\xfe\xf8\
\x10\xf8E\x13\xae\x9b\x97\xfa\xa2\x89\x01\xb9\xce\xac\xfb\xd8\
\xa0\xc5/C\x09\xc0\xef\xa6\xa1\xb9\xbaG\x8a\xb0\xaah\
\xb0\xae'C\x08\xc0e\xbe\xfc\xb0/g\x9bW*\xae\
q\xf9^E\xc93\xa3C\x08\xc0\xbfw\x8fx\xee[\
9nmd\xb0{\x15\xa5\x16@\xae\xd5=R\x0c^\
U\x94R\x00#f\xd5=S\x94\xac\x7fg\x80\xf3G\
8[\xfc\x98\x84\xf3\xa5\x94\x02\xf0\x1b(\xe5X\xdd#\
E_UQ\xb2Ty\xaa\x03RD\x0b5A\x06k\
\x85\x97J\x00\xae\xbaG\x9d\x0b6\x13\xfa\x9aa&\xb9\
|\xa6\x10\x80j\x1f|F\x0cR'\x91B\x00\xae\xba\
\xc75Hha\xdf\xfa$\xdf\x97\xb1\x05p\x8d2\xab\
{\xa4\xe8;\x9bFM\xa2\xc5\x14\x80\xb3=\xfb\xe9\xcc\
\x16\xf6m\x8e?\x9fzEd\xdb|L\x01\xb8\x99\xab\
_\xdd\xd3&~\x9b\xe3GTn!-ZD\x15K\
\x00\xb5T\xf7H\x91\xac\xaa(\x96\x00\xc2\xea\x9e1\xed\
\xd7\x1f\x13\x97U\x8d^U\x14C\x00.\x7f\xedlM\
-\xecK\x83_U\xf4\x96H\xeb*1\x04\x10V\xf7\
4\x9bW:\x0e\x89\x5cU\xb4\xa9\x00\xfc5lg\xf3\
ja_:\xb6\x99\xd9\xc7\xa2x+6\x11@_o\
\xdc\x9a\xaa{\xa4\x08\xab\x8a6rWm\x22\x80\x5c\x9a\
8\x97F\xd4\xa6\xd4\xeb\x0a\xa0U\xf7\xc8\x12\xad\xaah\
]\x018\x9b\x97\x88\x97\xbd\x01\x5c\xae\xb1X\xcb>\xb6\
\x8e\x00\xc2\xb0\xaf\xf6\xea\x1e)\xc2\xaa\xa2\xb5\xc2\xc2u\
\x040&\xe3\xbbd\x15\xc6\xc6wQ[U\x00~u\
\x8f\x9aFG\x15\x13\xa6\xe0W\x9e\x8b\xadr\xf0\xc2E\
\x89\x13Zu\x8f\x06\x5c4\xb6\xd6\x22\xdc*\x02P\xd3\
\xd5\xa2\xd1a\xa3n+\xcb\x0a@U_\x9b\xc6%\xd6\
\xee\xb7\xb4\xac\x00\xc2\xceV9\xdc\xbb\xa76\x8eX\xa3\
\xe3\xda2\x02\x08W\xa1\x9a\xcdK'\xce>\xb6\xd2\xaa\
\xec\x22\x01\xf8\xdd-[u\x8f~\xfc\xaa\xa2\xa5\xba\xae\
.\x12\x80\xefD)\xb1\x89si\xf8M\xa9\x97rf\
]u0\xc3\x12\xa5V\xdd\x93\x07\xa17\xf3\xca\x5c\xcd\
U\x02\xf0\x9b:\xe4|\xef\x9e\xda\xf0\xefU\xb4\xb0\xd9\
\xc4<\x01\x84~\xf4c\x9a\xcd+'v\xe9\x86\x85s\
'\xee\xf3\x16\x0f\xfcF\x05\xcf\x80\x7f\x80\xdf\xa2\x0f\xb3\
\x91\x1aWU\xf4\x1e\xf8\x04|\x0e7\xe8\x13\xc0\x0e3\
\xf5\x1c\x00?\xa5\x1b_c\x00\x0e0\xc7\xd2u\x1f\xfb\
\xd7\x7f\xb1O\x00\x17\xc09\xf0\xce\xfek\x94\xc19\xe6\
\xd8v\x18]\x5c\x5cz\x0e\xcc5\xa49|\xca\xe2+\
\xe6R\xdea\x9e\x00\x1a\x95\xd0\x92:\x95\xd3\x04P9\
M\x00\x95\xd3\x04P9M\x00\x95\xd3\x04P9M\x00\
\x95\xd3\x04P9M\x00\x95\xd3\x04P9M\x00\x95\xf3\
?A\xff\xa0\x0b\xc7\x8f\x15\x16\x00\x00\x00\x00IEN\
D\xaeB`\x82\
\x00\x00\x06\x8f\
\x89\
PNG\x0d\x0a\x1a\x0a\x00\x00\x00\x0dIHDR\x00\
\x00\x00\x80\x00\x00\x00\x80\x08\x06\x00\x00\x00\xc3>a\xcb\
\x00\x00\x06VIDATx\x9c\xed\x9cmS\xdbF\
\x14F\x8f\x8d\x1d\xa0x\x12R:M\xd2I[\x9a\xfc\
\xff\x9f\xd46M2MaJ\x1a\x18^\x0dX\xfdp\
\xb5X\x96%K\xb2%k\xb5z\xce\x8c\xc6\x8a\x91W\
\x8c\x9f\xa3\xbb\xbbZ\x91\x01%\x89\xa2\xa8\xec\xa1\x99\x0c\
\x06\x83\x8d>/\x9aaX\xe6\xa0M\xc3\xaf\xab\x0dQ\
?\x85\x02\xd4\x19\x9c$\xf0\x8f\x95u\xb9 \xb0A\xea\
\x15 J\xbdf\x7fP\xdd\x817\xe4&Q\x22\xfc\x01\
VA\xdc~\x94\xd8f\xae\x99\xdc\x06$\x81\x17d\xa6\
P\x22\xfc!\xb0\x03\x8c\xe2\xcd\xb5\xf3\x08<\xc4\xdb\x8c\
\xb9\x10\xd9\x0dI\x82\xd6YJ`E\xf8\xeeX\x17\xfc\
3`\x1f\xd8\x8d\xff\x1d\x01w\xc0m\xbc\xddcBH\
\x02\x8fY\xf8\xf6K\x86?\x06\xf6\x80\x09\xf0\x02x\x8e\
\xc90\x03\xae\x80s\xe0\x02\xb8\xc6\x84\x90\x04\x1e3r\
;\x15\xc2\xdf\xc7B\xff\x01x\x05\x1c\x01\xdfae\xff\
\x1bp\xcab\xb7\xe0$\x80\x1c\x09\xa2(\x92\x04-1\
\x82\xca\xe1\xbf\x00~\x04\xde\x02?c\x12L\xb0\x92\x7f\
\x16\xef\x8f\x99\x0f\x10A\x12x\xcbh\x8d\xf0_a\xc1\
\xff\x06\x1c\x03\xaf\x81\x03\xac\x02\x9c\xc5\xc7\xed\xb0<\xbe\
\x90\x04\x1e2*\xf8y^\xf8\xef\x81w\xc0/X5\
\xd8\xc7\x04p\xe3\x81,\x01@\x12xG\x9e\x00\x03V\
\x87\xff\x1e\xf8\x15x\x03\xbc\xc4f\x02\x8f\xe4_\xfdI\
$\x81Gd\x09\xe0\xe6\xf9#l\xb4\xff\x1c\xbb\xca\x93\
\xe1\x1f\x03?\x01\xdfc\x03\xc016\x0bp\x83\xbf\xa2\
\xf4$\x81'\xa4\x05p\xe1\xed`\xa5|\x82\x8d\xf6\xdf\
b}\xfe;\xec\xcaw\xe1O\xe2\xe3\x86X\x90\xc9;\
\x83EH\x02\x0f\xc8\xaa\x00\xee\xeaO\x97\xfec\xac\xcf\
\x7f\xc3b\xf8\xee\xaa\x8f(\x17|\x12I\xd02y\x15\
 Y\xfe\x8f0\x09^c]\xc1K\xac\xec'\xc3w\
\x09\x0d\xb1\xee\xa0\x0a\x92\xa0E\x8a\xc6\x00\xbbX\xd8\x13\
l\xaa\xe7n\xfd&\xe7\xf9\xe9U\xc1\x9d5~\x0fI\
\xd0\x12y\xb3\x00\xb7\xa2\xe7\x16w\xee\x99/\xf2<\xb2\
\xbc\xd0\x93\x94 B\x12t\x86\xb4\x00\xc9\xe0\xa7\xd8\xbd\
\xfdo\xd8\x0d\x9e3\xacK\xd8\x8f?\xe7*\x80{\xa8\
D\x12t\x90\xac\x0a\x10aW\xfa\x0d\xb6\xb0s\x8au\
\x01\xfb,\xde\xe4q)\x8c\xe3\xf7\x92\x83@I\xd0\x11\
\xf2*\xc0\x03\xb6\xa4{\x81\x05\xecBN\x86\x9fN@\
\x12t\x90\xbc1\xc0\x0c\xeb\xf7\xafY\x0c\xbc\xe8\x1b\x97\
\x04\x1d#\xaf\x0b\x00\xfb\xf2\xef\xe2\xfd*\xdf\xb2$\xe8\
\x10\xabf\x01\xb0(A\x15$AGX\xb5\x1a(\x09\
z\xc0h0\x18\xacz D\x12\x04\xce\x08\xec\x99<\
I\xd0O\x9e\xba\x00I\xd0O\x16\xc6\x00\x92\xa0\x7f,\
\x0d\x02%A\xbf\xc8\x9c\x05H\x82\xfe\x90;\x0d\x94\x04\
\xfd`\xe5S\xc1\x92 |\x8a\x1e\x0b\x97\x04\x81S(\
\x00H\x82\x90)%\x00H\x82P)-\x00H\x82\x10\
\xa9$\x00H\x82\xd0\xa8,\x00H\x82\x90XK\x00\x90\
\x04\xa1\xb0\xb6\x00 \x09B`#\x01@\x12t\x9d\x8d\
\x05\x00I\xd0ej\x11\x00$AW\xa9M\x00\x90\x04\
]\xa4V\x01@\x12t\x8d\xda\x05\x00I\xd0%\x1a\x11\
\x00$AWhL\x00\x90\x04]\xa0Q\x01@\x12\xf8\
N\xe3\x02\x80$\xf0\x99\xad\x08\x00\x92\xc0W\xb6&\x00\
H\x02\x1f\xd9\xaa\x00 \x09|c\xeb\x02\x80$\xf0\x89\
V\x04\x00I\xe0\x0b\xad\x09\x00\x92\xc0\x07Z\x15\x00$\
A\xdb\xb4.\x00H\x826\xf1B\x00\x90\x04m\xe1\x8d\
\x00 \x09\xda\xc0+\x01@\x12l\x1b\xef\x04\x00I\xb0\
M\xbc\x14\x00$\xc1\xb6\xf0V\x00\x90\x04\xdb\xc0k\x01\
@\x124\x8d\xf7\x02\x80$h\x92N\x08\x00\x92\xa0)\
:#\x00H\x82&\xe8\x94\x00 \x09\xea\xa6s\x02\x80\
$\xa8\x93N\x0a\x00\x92\xa0.:+\x00H\x82:\xe8\
\xb4\x00 \x096\xa5\xf3\x02\x80$\xd8\x84 \x04\x00I\
\xb0.\xc1\x08\x00\x92`\x1d\x82\x12\x00$AU\x82\x13\
\x00$A\x15\x82\x14\x00$AY\x82\x15\x00$A\x19\
\x82\x16\x00$A\x11\xc1\x0b\x00\x92`\x15\xbd\x10\x00$\
A\x1e\xbd\x11\x00$A\x16\xbd\x12\x00$A\x9a\xde\x09\
\x00\x92 I/\x05\x00I\xe0\xe8\xad\x00 \x09\xa0\xe7\
\x02\x80$\xe8\xbd\x00\xd0o\x09$@L_%\x90\x00\
\x09\xfa(\x81\x04H\xd17\x09$@\x06}\x92@\x02\
\xe4\xd0\x17\x09$\xc0\x0a\xfa \x81\x04( t\x09$\
@\x09B\x96@\x02\x94$T\x09$@\x05B\x94@\
\x02T$4\x09$\xc0\x1a\x84$\x81\x04X\x93P$\
\x90\x00\x1b\xd0\x01\x09\xdc\xef\x90+\x81\x04\xd8\x10O%\
\x88R\xdb,~}L\x1f(\x01j\xc0\x13\x09\x92\x81\
?\xc6\xdb}\xbc=0\x97\xc0\xbd\x02\x12\xa06Z\x92\
`\x08\x8c\x13\xe7p\xe1O\x81\x1b\xe0\x12\xb8\x8a\xf7\xa7\
\x98\x08\x0bH\x80\x1aiA\x020\x09F\xc0\x1e0\x01\
\x0e\x81\xa3x;\x04\x0e\x80g\xf1\xe7\x87\xa8\x024K\
K\x12\x0c\xb0pw\xb0LGXe\x181\x0f>s\
9P\x024@\xc3\x12\x0c\xddiX\x1c\xe4\xdd\xc7\xed\
\xdd`e\xff\x12\xb8\x8e\xdfK\x8e\x01\x16\x90\x00\x0d\xd1\
\xa0\x04c\xe6\x12DX\xb8S,\xec\xff\x80S\xe0\x1f\
\xe0\x048\x03.\x80\xdb\xf88'\xcc\x13\x12\xa0A\x1a\
\x94`\x84U\x80\x19\x16\xfe%\xf0\x15\xf8\x02|\x04>\
\x00\x9f0\x09\xce\xb1\xaa\xe0\xaa\xc0RC\xa2Aj\x96\
\xc0]\xc1{X\x15\xb8\xc7\xae\xfc\xaf\xc0\xdf\xc0_\xc0\
\x1f\xc0\x9f\xc0g\xe0_L\x8ei|\x0eU\x806\xa8\
Q\x02\x17\xe0\x04\x1b\xdc\xddae\xff\x0b\x16\xfe\xef\xf1\
\xf6\x09\xeb\x0a\x92\xe5_c\x806\xa9I\x027\xcf?\
\xc4\xb2\xbb\xc1\x82\xfe\x88]\xf9.\xfcd\xe9\xbfg~\
\xf5/!\x01\xb6\xc8\x86\x12$o\xf2\x1ca\xd9]a\
\x03\xbe\x0fX\xd9\xcf\x0b?\x17\x09\xb0e6\x90\xc0\x09\
p\x83\x090\xc6\xfa\xf7\x13,\xf8\xcfX5\xc8\x0a?\
\xf3\x84z \xa4%\xd6\x90 9\xd7\xbfd\xde\x05\x5c\
cS\xbd\x13l\xc0wA\x85\xf0A\x15\xa05\xd6\x94\
\xe0\x01+\xfb\x07\xd8,`\x8a\x85~\x8e\x89qK\x85\
\xf0!\xe7\xf6\xa0\xd8\x1e+$\x00\xcbg\x80\x8d\xf8\xc7\
\xd8\xf4o\x0f\xd8\x8d\xdf\x7f`~\xf7\xcf-\xf6\x94\x0e\
\xdf\x9d@\xb4LI\x09\xdc\xa2\x8f\xbb\xbf\x0f\xf3\xaa\xe0\
\x82\xcf\x9c\xea=5\x94\xf1\x87!\x12\xc0\x13JH\x00\
\xf3E\x1d\xb7\xa5\x1f\xf8\xa8\x14~\xb2a\xe1\x01\x05\x12\
\xc0\xf2* \xccC\xaf\x1c~\xba!\xe1\x01%$\xa8\
D\xd1\x9f\x87\x0fW\xfeTl\x9d:\xff\x1b\xd82m\
I\x00\x0f\xa9C\x82\xb2m\xfc\x0f\x17\xf9s\xadwd\
>\x07\x00\x00\x00\x00IEND\xaeB`\x82\
\x00\x00*\xfd\
\x89\
PNG\x0d\x0a\x1a\x0a\x00\x00\x00\x0dIHDR\x00\
\x00\x00\x80\x00\x00\x00\x80\x08\x06\x00\x00\x00\xc3>a\xcb\
\x00\x00*\xc4IDATx\x9c\xed\x9dK\x8e#\xdb\
\x91m\x8d\xdf \x19\x91\x1f\xa4\xa4{\xd5\x91\x1aRC\
\x80Z\x85\x1aX\x0dBCx\x03+U\xeb\x015\x00\
5t\xf3\x22\x85\x8c\xc8\xe0\xffS\x8d\x8b\xe5\x5c\xbe\xe3\
03I\xe1=T\xa1\xc2\x01\x22##H\xf7s\xcc\
\xb6\x99m\xdb\xe7\xb8\xb3\xea\xf5x=^\x8f\xd7\xe3\xf5\
x=^\x8f\xff\x8d\xc7\xe0\xc2\xefGU5\xfd\xff9\
\x90\xd7\xe3\xff\xf9\xb1\xad\xaaC\xfe\xb2\x05\x80QU\xfd\
KU\xfd\xe9{\xce:\x18\x0c\xea\xe1\xe1\xa1\x16\x8bE\
\x1d\x8f\xc7\xfa\xf4\xe9S\x1d\x0e/\xae\xd3\x1dwww\
5\x9b\xcdj\xb3\xd9\xd4z\xbd\xee\xceq:\x9d\xbe\xe7\
r\xaf\xc7\xed\xc7\x7fV\xd5\x7fT\x80`\xdcx\xe3\xb4\
\xaa\xfe\xf4\xc7?\xfe\xf1\xdfp\xecd2\xa9\xc9dR\
\xb3\xd9\xac\xde\xbd{W\x1f>|\xa8\xf7\xef\xdf\xd7|\
>\xaf\xe9tZwww5\x99L\xaa\xaaj\xbd^\
\xd7z\xbd\xae\xc3\xe1P\xc3\xe1\xb0\x06\x833\xc6&\x93\
IM\xa7\xd3\x1a\x0e\x87\xb5\xdb\xedj\xbb\xdd\xd6`0\
\xa8\xd1hTUU\x9b\xcd\xa6\x96\xcbe}\xf9\xf2\xa5\
6\x9bM\xed\xf7\xfb\xda\xedv\xb5\xd9l\xea\xf9\xf9\xb9\
\x1e\x1f\x1f\xeb\xf1\xf1\xb1\xbb\xc6z\xbd\xae\xcdfS\x87\
\xc3\xa1N\xa7S\x8dF\xa3\x9a\xcf\xe7\xb5X,j\xb1\
X\xd4\xc3\xc3C\xbdy\xf3\xa6\xee\xef\xefk\xb1X\xd4\
t:\xad\xc1`\xd0]s<\x1ew\xd7>\x1c\x0e\xb5\
Z\xad\xea\xf9\xf9\xb9\xd6\xebu\xedv\xbb\xda\xef\xf7\xb5\
\xddn\xeb\xf9\xf9\xb9>\x7f\xfe\x5cOOO\xb5\xd9l\
\xba\xebL\xa7\xd3:\x9dNu:\x9dj2\x99tv\
8\x1e\x8f\xb5\xdb\xedj\xb5Z\xd5v\xbb\xed\xc0\xcd\xef\
\x9f\x9f\x9f\xeb\xf9\xf9\xf9&/\x0e\x87\xc3\x9a\xcdfu\
\x7f\x7f_\xf7\xf7\xf7\xf5\xf0\xf0P\xef\xde\xbd\xab\xf7\xef\
\xdf\xd7\x9b7oj\xb1X\xd4\xdd\xdd]M\xa7\xd3\xce\
o\x93\xc9\xa4\xfe\xf2\x97\xbf\xfc\x9f\xaa\xfa\xbfU\xb5\xfa\
\x16\x00\xaa\xaaj\xb5Z\xd5\x9f\xff\xfc\xe7\x7f\x1d\x8dF\
5\x1a\x8dj:\x9d\xd6|>\xef\x00\xf0\xee\xdd\xbb\x17\
\x008\x9dN\xb5\xddnk\xbb\xddvN\x01\x04\xc3\xe1\
\xb0\x1b\xd4`0\xa8\xddnW\xbb\xdd\xaes\xc6`0\
\xa8\xfd~_\x9b\xcd\xa63\x1c\x00X\xaf\xd7\xf5\xfc\xfc\
\x5cOOO\xf5\xfc\xfc\x5c\xbb\xdd\xae\x8e\xc7c\xf7:\
\x1c\x0eu<\x1e\xab\xaa\xba\xb1\xde\xdd\xddu\x8e\x9f\xcf\
\xe75\x99Lj8\x1cv\x0e\x1b\x8f\xc7\x9dqp\x0e\
\xd7\xdel6\xb5\xddn\xbb1r}\xae=\x1c\x0e\xbb\
\xb9\x03\xf0\xe9tZ\xb3\xd9\xac\xc6\xe3q\xe7h\xce\xb3\
\xdf\xef\xebp8\xd4\xe1p\xe8@\x05\xd0\xbf|\xf9R\
\x8f\x8f\x8f\xb5\x5c.;\xa0\x0c\x06\x83\x9a\xcf\xe7\xdd\xf8\
\xb1/\x80\x9dL&=\xa0\x1b\x0c\xf7\xf7\xf75\x9f\xcf\
{s\xfe\xe9\xa7\x9f\xfe\xfd\x92\x9f/\x02`\xb9\x5c\xd6\
r\xb9\xac\xf1x<!J&\x93I7\x89\xddn\xd7\
\x0d\xeat:\xd5\xf1x\xec\x8c{:\x9dze\x00\x10\
\x11%\x00b8\x1cv\x7fw&8\x9dN\xdd{p\
\x16/g\x1b>\xcfx\xf6\xfb}\x1d\x8f\xc7\x1a\x0e\x87\
\xdd5\xedh\xc6\x05hF\xa3Q\x1d\x0e\x87\x1a\x0c\x06\
\xdd\xe7\x1c\xd5~\xdft:\xede5\xce\xcf<\xa6\xd3\
iM\xa7\xd3\xee\x9c|\x9eq\x12\x148\x98\xcf\x91\x91\
\x86\xc3aw-\xb2\xedl6\xab\xbb\xbb\xbbn\xce\xbc\
\xcf\xb6\x9c\xcdf]`1\xd7\xd9lV\xf3\xf9\x1c0\
\xee.\xf9\xf8\xab\x00\xf8\xf2\xe5K\xadV\xab\xee\xe4\x18\
\xe6p8\xd4v\xbb\xad\xd5j\xd59\x8b\xf4{:\x9d\
\xba\xa8\xd9\xef\xf75\x18\x0c\xba\x94\x9f\x93\xe6g\x9cm\
C\xf8\xff~1q\x83\xaa\xaa\xbaRRU\xb5\xdb\xed\
:#g\xaa\xb7\xf3q\x0e\xff\xf2\x99\xd1hTww\
w=\xb0\x98\x9f0O\xce\xc9<\x5cJ\xc8\x82\x19\xf9\
\x94=\xfe\xe5g\x80\x81\x03\xb19\x00\xf7\xf8\x86\xc3a\
\xf7\x1e\x1c=\x9f\xcf;\xa0\x00D>\xcf|\xaf\x06\x00\
\xa9j8\x1cvQ\x8eQ\xd6\xebu\xf73\xa9\x8e\xd4\
\xc7D\xab\xaa\x1b\xc4x|\xbe\x0c\x91\xc1\x8b\xdf\xf9_\
\x03\x04G\xe3H\x00\xc3\xef\x1c\xa58\x87\x88\x9dN\xa7\
5\x1e\x8f;P9\xaa=\x1e\x83\x85lD\xb6\xab\xaa\
\x17\xd9\x8ak\x8c\xc7\xe3\xdeg97\x04\x17\x00`K\
\xb8\x056#Pp\xfex<\xee\xc6M6q`\xf0\
w\xa7\xff\xc5b\xd1e\x0a\xcf\x17p\xe3\xa3\xab\x01P\
U\xbd\x94\x85\x01\xf7\xfb}7\xb9\xddn\xd7\x1b,\x7f\
'U\xce\xe7\xf3.j]\xaf\x1d]\x1c\xa0\xd5\xe9\x7f\
<\x1e\xf7\x9c\x8b\x911xf\x10\x1b\x09\xa3L&\x93\
.:s\x0c\xbe6\x9f5\x90\xcc+\x00\x11\xa5\x04\x00\
\x00\xa2\x0c\x88\xf5z\xdd\xa5}@\x91Y\xc1\xe7w\xe4\
\xf3J\xf0\x93\xf6\x89\xfa\xf9|\xfeb\x9e8\x9f\xf3o\
\xb7\xdb\xdal6\xb7\x01\xc0\xe9\x13\x03pR\x10\xedA\
b\xe4\xd3\xe9T\xd3\xe9/2\x82\x8d\x0a:\x1d\xdd8\
\x05#bd:\x05j\xb4_\xe9LG\xeax<\xee\
\x19\x07\xa2\xd6J\xe7|>k\xab\xaf\x03a\xe5gg\
5\xa7X\x22;\x01\x90\x7fg\x0c\xa4\xf2\xaa_Zc\
\xfeo[9+\xf8\xff\xf6\x8b\xbb,\x03\x91\xebB`\
o\x06\x80/\xe2\xf4i\xa7a|\xd7w3m;\xdc\
Lv4\x1au\x11\xc1\xf50>\x83\x87u\xe3\x00\x8c\
n\xe7C\xe0 c8\x9e\x14\x8dQ\x5c>\xf8?\xbf\
c\xac\x8ej_\x03\x07\xf1^g<\xce\xd1\xfa\x5c\x82\
\xdb]\x0f\x99\x11\xfb\xa5\xed\x9d\x11\xf8\x8c\x89\xb6\xed`\
0RV\xe8`\x96\xcb\xe5m\x00 \xe2!6f\xc0\
L\xde)\xdf(ep\xbc\xc7\xefe\xc2\x18-\xeb\xbd\
\xa3\x9f\x89;c$\x8f0\xd9\xc3`v\x88AjN\
\xe0\xcf\xe2|\x8bR\xc9\xd4\xfd\xde\xe1p\xd8u\x1d8\
\xba\xd5\x1d0\x06\xf3 \x07\x96\xb3\x0d\xcec\xde\xd8\xd2\
\xfc%\xbb\xad|q\x18\x887s\x80\xddn\xd7\x11/\
\x0cb$rr\x00\x00h\x92\xbc\xd8\x19F(\x7f\xcb\
\xacPU]Tg\x87\xe0\xfa\xec\xf3c,\x9c\xe3\x14\
\xee\x9f\xdd\xa2\xda\xd0v\x0a\xe7NnaPp\x1eG\
zv\x1d\xb6\x95\xcf\x97\x99\x91\xf3A\x16]rL\x96\
=\x8e$\xca\xce`\x04\x8a\x81p\x13\x006\x9bM\x87\
t\xa7O\x93\xc2D\x9f\x09\x9a#\x81\xc9\x90\xd2\x8f\xc7\
c\xf7w\xd76\x8b5i\xe0\x16\xd23\xfaM\x84\xd2\
\x89\x00\x8b\xf7d\xe6\xf2\xe7|n\x8bHY\x0e\xc9l\
&t&\xbe\x16\xc4\x9c\xfa=V\xeb\x19.\x81\xd9-\
\xb9\x0bj9\x9f\x92Ai\xf5Xo\x02\xc0z\xbd\xee\
\xb58\x8e\x0c\xd2\xac\x09\xa2\xd3_\x92\x13\xd7+\xc8\x10\
\x86r\xd4\x02\x12\xcb\xbdH\xbef\xd5\x8e:g\x07G\
H\x82\x04'\x1e\x8f\xc7\xaeLUU\xaf\xc6\xb62\x07\
A`\xa7\xb8\xa77\x00\xdc!Xk\xf08\x13\x00.\
;\xceB\xeeV\x1cp.\x05\x8c\xcfA\xe4L\xf7O\
\x95\x00\xd0\xcd\xcfN\xb9\xa0\xda\x11\xee\xe8\xcb\x08\xf6\xcb\
\x13\xac:w\x0a\x94\x13\xb4\xff\xe7\xe7\xe7N\x91\x5c.\
\x97=Vm\x83Q\x16Z\x80\xcc\xfa\x8dCp\x10\xf3\
0Q3\xefp&\xf3\xf5M*]\xc3='\xf3\x95\
,S\x06\x1d\x9f%(\x5c\xf3\xed`\x8bCI\xc2}\
\xe0t\xba\xb5\xedv{\x1b\x002\xa2\xad\x03TUW\
s\x9c\xdeZ\xe5\xc1D\x09b\x98\xe9\x09\xe7\xbb\xc5\x5c\
\xadV\xb5Z\xad\xba\x9f\xbd\x06\x80a\xacB\xf2\xb3\xeb\
+`\xf4\xb5\xec8\x1b\xda\x0a\x1f\xe33\xb8\x1c}\xce\
\x82\x83\xc1\xa0\xb7\xfe\xc1\xe7\xf8{f\xbbT\xfaPP\
\xc9,-\x01\xc8*\xdf%\xa2ip\x92\x99,\xcc]\
\x0d\x00\xa7\x15G\x1a\xb5\xcf\x8ew\xdd7\x83Mq\x82\
\x05 \x1cF\x7fLM\xceE\x98\xcdf\xd3\xbd<\x11\
\x9c\xef\xc3)\xd6\x91d\xf1\xc5i\xd3\xce7O\xb02\
\xd9\x020\xb61\x81\x05`\x90\xd7<\xa7\xc5\x1e/\x8a\
9C\x1c\x0e\x87\x9e\x10d\xbd\x80\x05.\xe4\xdf\x14\x80\
\xb2\xeb\xb9\xd4\x1d\x5c\x05\x00z\xe9D\x9b/d\x94f\
+\x96\x8e0\x99\xb3\xb18\x7f.\xea\xb0:\xc7\x0a\x1d\
\xe5\x03\x83\xe7\xa4\x9d\xb6y\xe1t\xce\xf95\x00p\xde\
4\x5c\xd6\x5c\x8bZD7\xe7b\x1cN\xe9\x00\xc6\x19\
\xc0\x9fg\x0c\xfb\xfd\xbe\xa6\xd3i\x17\x00\xa9Q\xccf\
\xb3n\xf5\x8fU\xce\xbb\xbb\xbb\x17\xa5\xd7\xbc\xc1\x5c\xe8\
*\x00\x0c\x06\x83\x0ea6\xa8\x0d\x00\x9as\xfd\xb9\xb5\
 \xe1\xda\xddR\xf0H\x95Dk.\xc3n6\x9b.\
Ec\x14\x9c\x93\x0b.\xee\xb998\xb7\x01PU\xbd\
ZN\xc4\xb9<\xb9\x14X\xfb'\xc3\xd1J\xa6\xed\xf8\
\xd7\x00\xc3AvzvO\xd8\x15\x00pm\x84\xa1\xfb\
\xfb\xfbn\x8f\x03\xcb\xcf\x99\xbd\x12\x00)2}\x17\x00\
\xbc\xb8\x80\xc1x\xb1\x1em\xb9\x15\xe7\x93\xa6\xbc\xce\x9e\
m\x9c\x9de\x15\x90\xf7[\xc1Z.\x97\xdd\xfe\x80\xc1\
`\xd0\xadJ&\xef s\xa0{{\x89\xd4\xfa\x813\
\x85\xc7c\xe7\xb9\xe5\xe3\xb3\xcc\x0fR\xec\xacx:\xfd\
\x22}'\x183\x8b0_R\xbd\xb9\x95K\x14\x8a&\
\x00\xb2$\xccB\x10\x91\xef#\x83\xcb\xaf\x9b\x00\xe0\xf5\
~3b\x16$\x18\x88\xd3?\x19\xc1\xab\x83\xd6\xa6\xdd\
B\xd1\xda\xf9\xfc\xf0\x02\xef\xceA\x12\xc6\xb1D\xa6\x97\
\x9a\xdd\x97;j!k\x94\x03\x83\x99\xb1P\x1e,\xa6\
`L\x93\xca\xcc\x5c\x06\x8f\xcb\x0f\x0ew\xf4s>\xdb\
\xc3%\x87\x80\xb0\x02\xean\x86\xfd\x01)q\x1b\xa8\xd9\
\xa2b\xdf\x9b\xba\x00HF\x0b\x00^\xb2\xf4\xb2\xa5\x95\
;\xd2\x16\x13Lq\xc7L\x1fb\xe8\xd4\xcb\x82\x0a\xe4\
\x8f\x16\xcc\xbc\x01@d\xc7\xe1Z\x0c0\xb3\xcd3\xe9\
\x84\xc1\x93\xdd\xbc\x1e\xc0|\xd1B,\xfc\x18l\xbev\
r\x8d,7n\x81\x99\xaf\x9do-\xc1\x1ba\x9c\xf2\
mW8\x87\xcf\xe5\xfd\x067u\x01\xae\xe3L\xc4\x11\
eM\xdd\x87\xd3^\x02\xa3\xaaz\xfa9\x1bK6\x9b\
MO\xadJ!\xc4F\xf3\x86\x93\xec\xc5\xfdr\xb9r\
\xbb\xe6N\x851\xb0\xff\xb0\xea\xdc\xf9X\xf0b\xbe)\
\x00qm\xe6\x9d\xf379N5\xce<\xc1\x00\xe2s\
\x90>\x22\x1en\xe5\xa0\xca\xeb\x11`v\xbe\xb5\x9c\xab\
\x00\xe0\x81\xa6\xd4jB\xe4hk\x09\x18\xa9\x0c\x92\xf2\
-V\xb0\xbf\xc0r\xaa\xb9\x07\xd7\xb4\x11\x1d\xcd\xd6\xdd\
m\x1cg,\xb7f>?\x0e\xa6\x0fw\x16pIs\
\xc6X.\x97\xbd\xfe\x9e\xf3\xed\xf7\xfb\xceN^\xa5L\
`26\xdb%\xd7\x5c\x9ca\xddR\xdb/.7&\
\xcf\xde\x91\xe4lt\x15\x00\xdc\xb61\x00\x10\xe9I\xe1\
\xf0d\x9a\xbe\xa8\x9d\x98z\x7f\x12\x17\x03\x88\x09;\xe5\
\x9b\x90y\xf1\xc3\xe5\xc3-\x19\x9fw\x19\xe0\xe5\xfd\x09\
d\x04\xba\x1f\xf7\xdc\x102\x8b`\xd9\xd9\x98\xccA\x00\
\xddu\xe0\xb4\xcc\x98n?]\xf3\xbd>a~\xe49\
\x91\xd9\xbc\xf3\xc8\xe5\xd2-\xfa\xd5\x00\xc0\x89\x96K\xa9\
E&I\xaeg\x9e\x1c\x06pT\xe6\xe4\x1c=L\xcc\
\xb5\xcc\xa9\xcd\xe98\xb7@eML\xad\x01\x83\xf9o\
I\xa0\xdc\xaf\xe3xznD\x19j)\x11\x96D\x8f\
\x12\xe1u\xfeL\xfd\x06|f\xaa\x14\xd32h8\x9f\
\x03\xc4|\x06.\xe5\xd23\x1c\x0ek\xb1X\x5c\x0f\x80\
K\xea\x92\x11\x9b\xce\xf2\xbf\xd9z0Y\x0b\x22\xd6\xc6\
\xdd\xbb\xfa\x9a\xfc\xec\x0e\xc4\xbba=\xd1\xac\xf1\x99~\
ye\x0f\x8e\x13\x5c{\xdd\xe6\x92\x1d\xc8t\xdfrR\
\xf2\x0ds\x9atb\x8b\xbb$\x01\xb4\x98\x96d\xd3K\
\xe9\xceF\x06\xc9|>\xbf\x1e\x00\xa9\xe2%\xbbu\xeb\
\x811IC\x9e\xb4k\x15\xe0\xb1X4\x9dN{\xcb\
\xcdng\xf2Z\xf99\xab`-\xd9\xba\x95nq\xb6\
\x0d\xeaks^g\x18\xaf\x07\xf8\x5c~\xf9\x5c\x09*\
\xf8\x0bs\xa36c\x9f\xec\xa0\x98On\xf2\xb4\xc6`\
\x12\x0c\xcfqFq\xe6\x9b\xcdf\xb7\x01\xc0;kH\
1\xec\x11\xf0\xdat\xd5\xb9\xfd\x00\x08V\x07]#\xab\
\xceu\xfc\xee\xee\xaek\xf3\x5cj\xbc\xdckc\xa7\xcc\
\xecn$\x9d\xef\x88\xf4:\xbb\x01\x95\xce\xca\xec\x94k\
 N\xb1\xceT\xb9\xdb\xc9c\xe6=\x09\xb4\xe4@\xd8\
\xc5`v\xf4'\xe7\xb0\xee\xe2\xb5\x03\x0ek\x0dtr\
W\x01\x80h5\xb9\x81\x00\x9dN\xa7\x8e\x0c\xb6z|\
\x1c\xea\x9e\xdb\x7f7j\xef\xee\xeez\x9b?\x01S\x0b\
\x00Y6\xc8\x04f\xd4n\x01\xb9.\xce1\x07\xb9\x14\
q)\xb6\xf8|\xad\xa8'(h%\xed\x84\xe41\xfc\
\xdf\xaa\xa7I\xb4\xb3\x5c*}I`\xf3e`\x13D\
\xff\x14\x09\xf4\xb6-G$\xce\xc9E\x08O\xc8\x11K\
\xf4TU\xef<8\x14\x008\x12xo\xea\xe8p\x00\
\xdf\xac\xc2\x9dFN\xcf\xe90\x8f\x8b\xf30>G>\
\xb5\x1f\xa2k\xe2\xe8\xd4\x9b\xfb\xfd\x11\xad\xacQ\xf0o\
:\xca\xa0\xca\x0e\xc1m'\x9d\x87?\xebN\xc8ma\
*\xad\xce4\xd8\xf9j\x00\x5cb\xcf)\xb5b\xc0\xac\
\xab\xf4\xcc\xce$v\xa8\xbb\x0a\xc8\x8c\xa3\xa5\xa5a\x0f\
\x06\x83\x1e\x07hm\xe44\x002\x138Bl\xc4\x5c\
o\xb7N\xef\xd2\xb7\x5c.\xeb\xf9\xf9\xb9\x13\xaf\x90Z\
\x91\xab\xe9\x0e\xbc{\xc9\xd9\x82\xb11\xc7\xe4\x0cI\x04\
-\xfa\x90\xce\xc9\x16\xb9\xd8\x96e\xc8\xa5\xeb&\x0e\xe0\
z\xe8,`\x07e\xd41\x092\x05\xad\x92\xe5PO\
\x8c\x88\x1e\x0e\x87\xdd\xedXL\xd6\x0bE\x5c\x93\x14\x99\
w\xc1$A\xb3\x93\xcd\xc4\x9d\x95\x0c\x8e$\x8e\xcc\xcf\
cY\xadV\xdd\xcd\x9clR\xb1\x5c\x9d{\x17\x10\xbc\
(Yvz\xd5Y\x16\xc6f\xfe\xd9|\xc7\x80\xf1\x06\
\xdc\x96o\xb2\xed%\xa8\xb8G\xe3*\x00pk87\
E\xe6\xcd\x97I\x92<P&HZr\xc49\xf5\x91\
\xd6\x8ct2G\x1a\xc45\xd2\xcb\xd4\x99\xf2L\x8cZ\
NvF\x00`\x18\x8ak\x93\xba\x89,\xefK\xc0\xf9\
\xaccx\xbf\xa2o\x0e\xf1\xce^g\xc7\x5cP\xc2\xd9\
\xad6\xd0e\xf6x<v\x8a%\xc1\x93\xd9\xd9\x81\x98\
\x99\xe6j\x00p\xbf9K\xa0\x16?Rh r\x92\
\xc8q09;\xdb\x0b;v\xa6W\xae\xd2 \x96\xa4\
M@\xdd&\x9a#\xf8=\x1cf\xedU\xd5[\xeb`\
\x11*3\x91w$\xf9\xb9\x01v\xbc\xebo\xd6bs\
\x14\xb7\x81\xd6T\xbe\xa6\x0506\x97\x13\x9f/\xdbm\
s\xb5\xe3\xf1\xd8\x91\xf7\xab\x00\xf0\xf6\xed\xdbZ,\x16\
5\x1e\x8f\xbbZ\x8e\x93[\x00\xc8A95{R\xee\
\xf3\x19\xb8\x0d`\xe7\xbb\x15j\xa5n\x9f\x17R\xe8\xdb\
\xc1\x18\x8b\x1d\xea(\x04\x00\x8e\x9eV\xfa\xf7\xe2O\x9e\
\xa3\xb5`\xe5\x7f\x0dt\xb7\x85Y\xeb\xb3e\xcc\xa3\xc5\
\xe8=N\x07\x1c\xe3\x86\x13<==]\x0f\x00\xe4V\
G\xac\xd7\xd3\xed\x0c\xb3j+p\x80\xc5\x8c\xfc[\x87\
SbFA7\xe8\x10}\xbc\xd1\x12Na\xc30v\
\xd7w\xe6\xe2\xac\x05\xc9r$\x93\x01L~\xed\xf4\xaa\
3Is\xa6$[\x12\x1ci\xaf\xe4\x1e\xd8\xd8\xd7O\
\xa2\x88=<\x0f\xb2\xa6\x17~\xdc\x85\xec\xf7\xfb\xdb\xee\
\x0ddW\x0f$\xc3\x03m)W\xa4R;\xcb\xeb\xd0\
\x18)\x09\x0f\x7f\xe3\xff\xe9P+\x92\xee\xa3S\x10\xa2\
#`\x1c\xae\xe3N\xc9\xfe?s\xe0\xfc8\xcb\x8e \
\xfd\xbb\xaf\xb6 \xc3\xfb\xe0\x0a\xb9\x81\xd5\x99\xd1\x04\xcf\
;\x95\x9c\xda3[\xf9s\xd9Z{\xef\xa0\xf7\x13\x00\
\x00\xc6u\xd3\xbd\x81<a\xa2\xea\x8c<G\xb4\xc1\x90\
\x04\xcbN\xc5PD]\xbe\xc7\x99\xc1\xa5\xc5d\xceK\
\xcfV\xb7\xac\x9a9\x95:\xea\xdd\x1e\xf9wUg\xb9\
\xdb\xbb\x92\xf8<\xef\xf3]\xbe\x1e;\x1c\x00\x82\xc8=\
\x0c\xe8\x01&\xb8\xb6\x8fw\x1dy\xee\x0e*\x8e\x14\xa1\
\x5c\xee\xb0\x17\xe5\x99mt\xe6)\xd8\x9d\x87y\x5c\x05\
\x00\x1e\x0e\xe5\xc3\x0c3#\xd2u\x0c\xc6Z\xd5\xbf\xb9\
\x04\x87\xbb-r\xd4;\xcd\xa3\x14\xa6\x1e\xeftj\x12\
\xc8\xf9\xbe\xe5|\x0c\x84AI\x9d\xdb\xed\xb6\xd7\x06\x12\
\xd1\xecU`\xde\x5cw\xb3\xd9\xd4\x97/_\xea\xe9\xe9\
\xa9\x1e\x1f\x1f\xbb\xf6\xd0}x\xea\xf9\xc9e\x9c\x15[\
\x00\xc8\xc3]\x95\xb3\x97\xfd\xe1\x0d.\xff\x14\x00\xfc\x5c\
\x1a\xa2\xcc\x1c\x00#\xb9\x9d1\x9a\xad\xb2\x91\x8e,\xdf\
bh\xb7nv\x80\x951\xefL\xf2\x81\x83\x93\xe5\xb7\
^\xfe\xbb\xd3\xab\xb5\x06\x979\xdf\x97\x90\x99\x0bf\x0d\
\x00x\xd1\xc1\xb4\xc8j\xbe\xecP\x1c\x99\xe0\xf5}\x94\
\xbc\x7f8\x1cv;\x9f\xb1Uk\xd5\x10\xd0\xdf|c\
H\xca\x8d\xde\x11\x9b\x83\xc1\xe9\xfc\x9bi\x9e>\xdb\xdb\
\x9c,\x0c\xe5v'&L/\x8c4\x0b\xb1\xcc\xc8\xc9\
\x96\x93\x7f\xfd\xb3\x01\xe05\x8b\xbc\x1e\x99\xc85\xdd\xdd\
\x0a\x9fg\xcbz\xde\xba\xe6\x0cg\xc1\x8byb\xd7\xac\
\xf5.\xa5\xa3\xd1\xa8[t\x03|\x9e\xb3o\x02\xb5\xac\
\xce\x8b\x9d\xd1_\xeb\xff\xbf\x09\x00\xb7\x1d\xa0\xd0i8\
\xdb\x1fG\xb4'\x04x\x18$;l\x88\x0cG\xb9\xd1\
\x0bp\xd8\x0d\x8b\xd1\xbc\xf5\xc9\x91\x91Q\xde\x8a6\xb7\
n\xbe\xd1\x94,\xe2\x9b6\xac\xf5\xfb:\xfc\x1ee\x90\
m\xebd\x0b\xe6\xcb\x98\xb8\xd5\x8b\xdf\xb9\x95\xb3-\xab\
\xaa\x97-\xb0\xa3\xf9\x0f\xf6\xdd\xef\xf7=1\x8cr9\
\x9b\xcd:\xdbX\xb5\xf5\xa2\xd2\xd5\x00p'`\xe7\x18\
\xe9\x96\x22M\xa6\x5c\xa7\x90}y\xa8\x9172x'\
.\xcea}\xc0\xdb\xb2\xccvM\xf6\xec`\x8f\x91y\
\x00\x9c\xdc,\xe9\x1e\xdf\xceqz\xe5<\x16\x85V\xab\
Uo]\x00\xf2\x87\x88\x94\xfb\xff\xc9dU\xe7,\x93\
\x99\xca<\xc3zI\xb6\xd0\xce\x22\xd8\x8c r[Z\
\xd5\xbf\xbb\xfbj\x00\x98\x80\xe1\x98\x04\x00\x03u4&\
seR\x18\xc1\x0e5\xd3\xe7\x1a\xbe\x01\xd4+~\xb3\
\xd9\xacc\xbbDZ\xee\x0c\xe6\x1cy\xcf>\xa0\xe2\x06\
\x93\xbcq\x12\xd2D&\xcb\xce\x82\xa8#\xed?>>\
v\xce\xcf\xbbpi\x99\x99\x0bs u\xbb&\xb7\xe4\
\xdcT!mg;\xd2v&X\xb2m\xe4sW/\
\x06\xfd\xfa\xd7\xbf\xae\xfb\xfb\xfbN\x08r:1\x13\xa7\
$T\x9do\xa3\xb2\xd1\x9c\x11\xdc\xd2\x11\xf5\xbe\xaf\xc0\
\xbd\xb53\x8c\xd7\xfes=\x81\xd4M\x862\x1f\xc8\x92\
\x90K\xb9\x00%\x9fLZU/\xc67\x18\x0c\xba\xdd\
\xc0\x10>\x9e\x1a\xca\xb9|N\x07\x0bcdM\x85k\
\x02p\xb2\x01vc\xbe\xd6\x07Ry\xb5\x93\xcdo\xb0\
\xb3\x010\x1a\x8d\xea\xcd\x9b7\xd7\x01\xe0\xc7\x1f\x7f\xec\
=[\x17#\x9b\xdc\x99u\xba\x0d\xb1Z\x95z?\x13\
kM \x19\xbb\x11\xee\x16\xca<\x01\x82dR\xe7\xf6\
\xd0\x00\xc9TJ\xcb\x04\x81\xa3\xdd3X\x89V\xda\xbe\
|\x96\xb0\x89\xa8\xc7\x95\xbcc4\x1au\xa5\xcb\xdb\xe2\
\xad\xf0\xb9\xfc\xa4N\xe0\xb2d[\xf9\xb0\x1f\xac2\x8e\
\xc7\xe3\xfa\xf0\xe1\xc3u\x00xxx\xe89\xcb\x0e\xf0\
\xa0\x8dR\x0c@]\xb7\xa0\x02\x01\xb4\x03s= \xdb\
\xb6d\xee\x5c\xd7m\xa3;\x0c\x00\xe04i\xb0\xba\x95\
\xc5\xf8\xbe\x07q\xb5Zu\xfb\x19}\x97.\xd9\x89\x8e\
\x00\xe7\x9b\x03\x91\xedx\x90\x96\xc9\x1de\x8bW\xea\x19\
\x97\x9c\x8f\x0d\x89d\xe6i\x22\x9b\xe2\x94AN\xd6\x99\
N\xa7\xd7\x03 \xb7<\xdb\xf0U\xd5+\x09\xfc\xebT\
\xe5\xce\xc1\xa8\xe4\xb3F\xa95\xfa\xaa\x97[\xd1 o\
f\xc5\xa3\xd1\xa8k'S\x8au\x8a\xb40\xd3\xca8\
f\xfa\xd6\xfb\xa9\xf7\xee\xfbmt@\xe5q\xba\xe4y\
'\x90\xb3\x13\xa4\x8c\xcfg\xb4\xe6\x967\xb7\xca\x16\xad\
\xb0c\xda\xdd\x80\xa9\xfa\x85#M&\x93z\xff\xfe\xfd\
u\x00\xf8\xf9\xe7\x9f;\x09\x14c1I\xeb\xe5\xae\xff\
 \xda\x93j\xf5\xe2-\x91\xc6\xe7\xcaT\x0d\x81\xe3\x80\
LYK\xc0\xf9\xad\xce\x00f\xee\xd5\xb9\xecZ\xdc\xde\
\x91\x19\x9c\xa5\x1c\x00\xe6!V?\x9d\xd9\xac\xc4\xb9\x1c\
PR\xe03\xc9\x83\xb2\x0d\xb42\x9av\xca\xf2\xe0\xcf\
\x13,\x80\xf2\xea-a\x00\xc0k\xe3>1\x83\xf1\xe0\
8\x5c.\x98\xb8\xdf\xe7A;+8\xba\x12@0b\
\xfa]\x0b\x1fU\xd5\x19\x1c\xae1\x9b\xcdz\xf2.\xe3\
\xb0\xa3s\xb9\xd6\x8bDD\xb1\xef\xd4\xa5ue\xdc\x06\
\xb45~o\xda`\xae\x97H]\xeel\xce\x0c\xe5\xce\
\x00;\x11\xe1\xb9\x08\x96k1\x16\xcc\xacv~\x17\x00\
`\xc5\xb45f\xf8\x8e2\x0f\xd8\x8ew\x84\x1a\x1c\x0c\
\xca\xd1dc[\xd5JT\x9b\x13d\x0b\xe4\xdf;\xb2\
l\xdc\xd4\xd9[k\x06\xee \xfcw\xcf\x91y&\x7f\
\xf1\xb8<>n\xa5G\xb8\x01\x0c&\xb8)\x1b3>\
\x93E\xae\xe1\xf6\xd4]A\x1e\x9e\xdbM\xb7\x87[\x8f\
\xa66fZj1O\x00\xe0[\x99]\xcf\x8db\xea\
-\xf5\x11\xc6\xcc\xdf\xbc9\xd3\xd7\xe2\xb0\xa3\xd2\x09\x96\
\xb2[+\x86\x8e\xb4\x16\xb0\x1c\x819\x06_\xdb\xe7p\
\xb0X\xfb\x00\x00\xd6>Z H~\x92\x8ag\x8e\xdf\
\xbeH2\xedRw\xd3Z@k1\x81A&'p\
\x9b\xc2\xff\xd1\xf0\xdd\x22\x02&\xce\xe5\xe8wo\x8c\xfe\
\xe0\xb5\x08\xce\xed18\x9dsN\xeb\xe3\xfe\x1d)\x97\
\x85\x14^d+g\xa0\xe46-a\xcb\x00\xc0\xd8\xfe\
R\x08\xca\x95\xefb\x22\x0b\xf8\xd66\xdf\x83\xc0y\xad\
)\xe4ST\xac\xbd\xb84;8\xad\xa90\xde\xab\x01\
`u\x0c\xc3\x98q\xbb\xbf\x87\x00\xa62gv\xea\xfa\
\x8aCM\xc2\xf2o\x1c\x97Z\xc2L\xdf\x18\x88\xf3\xb6\
\x9c\x8f\xa3\xf9\x97u\x06\xba\x1e\xcec\xf0\x1b\x14\x1e#\
\xc0t\x94\x01\xa2\x0c\x02\x93\xbd|\xdc;\x0b]\xcc\xad\
\xea|O\x869\x80\xd9\xbf\x05-x\x86\xc7\xe3\xba\x0f\
\x10\xaf\x06\xc0\xf3\xf3ssw\xaeU\xb5\xac\xf1&7\
\xa49\x1cH\x06pM\xb5Q\xb3{p_\xedk\xb3\
\xbc\xccgm\x88\x96p\x84\xd1\x89N\x1c\x95\x91\xc9|\
\x12<&P\x18\xd6\xb5\xd7`d|.\x83\xbe\xdf\x00\
\xc0\xf9q/\xb9\x0e\x92\xf6\xf0ZL^\xcf\x9c\xca\xbe\
HB}\xd3\x8d!,o:\xdd\xb9\x0b02\xfd\xb4\
\x0c\x930\x00\x81a\x0d\x00\xa7q\x06\xea\xdf\xe7{9\
\x07\x7f7\x81dl\xae\xabN\xb5D\xb9\x01@W\x91\
\xc4\xae\xd5\x99\x98\x07\xb4\x9c\x80#\x92\x03\xe1d\x16\xc1\
X\x03iq\x00\x97\x1e\x97W\xc6B[\xe9\xd63[\
U\x97\x0f\x8f\xddA\xfa\xdd\x00@\xf1\xb2\x1a\xc8\x05[\
\x82\x8a\x89\x8a\xbb\x00w\x03\x8eV\xa2<\xfbe\x0b)\
&~\x94\x11\xc6\x90\x00p\xaaO \x02\x00\x96Qi\
\x0f\x93\x84e\xc6r\xab\xe8\xa8\xcfV\xd1\xce\xf1\xe2\x95\
\xbf\xcb\x87\x94\x9f\xad\xa4_\xce*\xd6\x1b\xc8:\xc7\xe3\
\xf9v\xf0\xe4B\x1e\x93\xdb\xdc\x9b7\x84\x18=\xc9x\
A\xa8\xdb\x14&\xe1}\xf4\xde\x18\xe1\xda\xec\xda\xef\x05\
\x15G\x95%\xd2\xac\xb7\xfb\xfd\xbe'\x01s\x0dGb\
\x02r6\x9bu\xc6\xb0\x03\x5c\xb6\x0c\xca$V\xe6\x01\
\xcc\xc1[\xafI\xff\xd9\xa3[\xdd\xb3&` \xf8\x1a\
\x1c-A\x0d\x00$\x08\xec\xab\x5c\xf4B$\xbb\x1a\x00\
>\x9cjR\xa5\xcb\xf4G\xdf\xb9^\xaf;\x00d;\
G\xfb\xe7\x17@p)im\x07#\xe2\x11\x84pH\
+j\x01\x07\xe2\x10\x12\xaf;\x0bJ\x05\xe7\xf6\xde\x00\
\xb7]\xd9\x02\xe7\x81M\x1c\xcd\x97\xa2\xdc\xdd\x87w\xf6\
\xa4\xc0\xd6\xbaFf\xad\xf4\x8f\x89\xbb\x89\xf2\xa5\xe3\x9b\
\x19\xc0\xff7\x00\x88>\xdf\x03\x97r$F\xa5\xd5\xb1\
~\x9e5\xd4\xec\x16\x10\x10a\x96}\xdd\xdb\xfbz8\
\x8b\xb1:2\xe1\x04\x8eF\x22\x95\x9bS\x87\xc3a\x17\
\xf9\xd9\xb1\xf0\xf7\xe4#U\xd5u?\xe6\x0f_s\x9a\
\xaf\x9b\xb7\xb89\xd2m\xe7V-\xcf\xa0d\xce\x8e~\
g\xf0\xab\x01\xe0\xb5\x00_\xd0\xfdj\x8b\x089\x9ai\
\xb50\xbe\xb5\x01\xde\x97\xdb\x97H\xadt\x01\xdb\xed\xb6\
\xa7\xe8\xa1\x11$\x91r\xb4\xa6zfgd[h\x05\
0\x89\xa9\x9d\x9d\x02\x0c\xe9\xd8Z\x04-\x99A\xda\xba\
\x7f\xa1\xb5\x1f\x82,\xeaR\x96\xc4\xb0\xd5\xfez\xf7/\
\xe5\x17R\xce\xe7\xbev|\xf3\x8b#M\x8a\x12\x00\xae\
\xdb\xde\xab\xc7=s\xab\xd5\xaa\xd7\x07\xf3\xe0\xa5\xf1x\
\xdcs4\xc6\xe68\x1c\x0e\xbdg\x03\xdb\x90\x18\xde\xfb\
\x0a\xd3\xc9\x09Z\xbf\xaa^\xb6\xab&\xb1|\x8e\xf7\xb4\
\xf6\x14T\xbd\xe4\x00\xdeW\xe8\xf1\xba\x13i}\xa7/\
\xd9\xd1\xd7\xf0\xae\xa8,\xbb\x5c\xdbvg,\xf9\xccC\
s\xa1\xab\x01\xc0\x1ay\x127\x0c\xe84\xee\xfe\x93H\
\xa0\xd6\x9a\x89?<<4\x09\x9c\x89\x9e\x8d\xeb-Q\
\xd4q&\xc6\xf5\x0d\x0cw\x07\x8e\x16\xdf,\x91\xeb\x11\
\x93\xc9\xe4\x05\x00\x18\x93\x05*;\x81\xf1QZ,\xd9\
zY\x97y\xfb\xf1\xee\x09h\xde\xeb\xf1g\xf9\xb5\x0a\
j\xd5\x95qTU\x8f|\x1f\x0e\xfd\xefp\xbaY\x09\
\xe4d\xd9S2\xc9\xac\xf7.\x09\x8e\x08\x84\x96\xaas\
\x8b\xc3\x84]\x9f\xad\x18\x9a\xd0\xf1{&\x04\xd8\xb6\xdb\
\xed\x8b\xa7\x85\xb9uj\xdd\xb2m\x872\x0f;\xda-\
\xa9[S\x83\xca\xa4\x8a\xdf\xe3\xc4\xc1\xe0\xbcm\xdbR\
\xb0\x19?\xa9\xde\xa5\xcd\x81\xc4y\x9d\xb5\x00\x94\x17\x93\
 \xd3\x0e\x18@nnt\x13\x07 \xa5x\xa5\xcc\x83\
9\x9dN\xbd:\xec6\x84\xcf\xe2Dj\xa3\xf7\xab9\
\xbd\xe5\xeaa\xae\x17`\x10\x97\x06\xa2\x8e\xde\x1e\xa3:\
:\xbc\xe3\xd7\xceu}NGf\x990/\xe0\xc5\xfb\
[\xbd\xb8;\x0b\xdf\xcf\xe0k\x98\xb4::/\x01\xc0\
\xe4\xd1w>{\xcc&\x9b\xce\xc4\xb6\xe7U\x00\xc0\xf9\
f\xc56\x0e\x83\xcd\xb4\xe8\x1d\xb2\x0c\x0a\x10\xe5\xbd\xf7\
\x0c\xdc\xca\x9c\xa3\xcfm\x8e\x19\xb1o\xbc\xc4\xf8iP\
\xa7e\x00h\x89\x18\x02\x97\x07\x063\x98N\xa7S\x97\
\xf2\x1d\xc5>\x0c\x00\xb7y\xcc\xc9\xa44\x05.l\xda\
R\x063z\x93\x14V\xf5\xbf\xda\xd6s\xc8,r\x15\
\x00 \x13D;G\xab\xcf\xb5\xc1\x9d9H?\xae\xc5\
I\xca\xdc\xee\x91\xde\x98\x10\xff\xba\xc52\xc3w\xef\xec\
\x0d&\x16\x98\xaa\xce7\xa6\xf8\xbc\xbeQ#{j\x9c\
\xed\xeb\x93n9\x8fm\xe19^\x02@j\x01\xb6\x1d\
\xbf\xb7\xbd\xd2\xa1\xbe\x86}a\xb1(\xc59\x9f\xfbj\
\x008\x03p\xb8\xae\xf8\xf7&-\xbe\xb0\x9dIJv\
\x9aM\x82\x02\x09\xc2\x80\x08I&<8#\xeb7\x00\
8\x9dN/n\xf6\xe0Ibl$\x85w\xc0-\x00\
+\x86JV\xeet\xcf\x1c\x134&\xc8.1\x96\xd2\
]\xc7\xed,\xe6n\x87\xe6\xd2/\xdc\xc3\xd7\xce\xf6\x97\
\xbf\xf19\xde\x83\xd0u\x15\x00\x1caf\x94I^\x9c\
\x86p\x88Y\xb6\xc5\x19x\x01D07id\x0fn\
\xbe\xe0\xcc\xe2~\x9b\xdf3&\x228\x97\x88-\xb0\xe0\
d\xca\x9b\xd3\xf1ht\xfe\xfa\xba\x043\xf3\xc8\x05-\
\x8395\x00\x93\xbf\xdc-\x95\xad0\xe7w)1\xc0\
\xcc\x8d\xbeF\x22\x87\xc3a\x8fx\xde\xf4\xa8X\x7f\x13\
\x88\xeb\x14\xedXn\xf9\xc2\xa9\x18\x86\x16\x8eI\xe5\xfb\
\xbcp\xe2Z\xeb\x14F\x04\x03\x1e\xef\xdd\x07\x00\xac9\
$\x91t\x04\xf0y\x9c\x8d\x83|\x90\xa9\xd8i\xecE\
\x1e8\x88\x17U\xb2\x04\x01\x02\xff\xebk\xf9g\xc0\x84\
l\xdeZ\x10cL\x06\x80\x1d\xecv2\x03\x07@\x93\
ir\xae\xdf\x05\x807o\xde\xd4|>\xef1e\xd2\
\x09\xf7\xf7\x11Un\x8f<X;\xdd\x11\x96k\xf1D\
\xae[?\xabkD5\x91\x99\xe9\x13\xf1\xc4\xb2sf\
 \x981\x8e\xe0\xdc\xe6\x14\x06\xbc\x9f\xb9oBe\x86\
m\x80\x1b\xc0Y\x0e\xedD\xb7\x9c&\xcd\xb6Q\xabK\
pfM\x02i^\xe1\xd2\xc4gZd\xf7\xbb\x01`\
\xb6;\x1a\xfd\xf2\xe4\xe9\x87\x87\x87\x0e\x00\xd6\x09\xf2\x9b\
5\xb3\xfd \x83\xd8\xf9\xb4p\x1eh\xa6\xe0\xaa\xf3\x22\
P\x1a\xd2\xc6w\xebfI\xd6c\x84\xcc9S06\
\xaf\xd0a@>\xdb\xba\x91\xd4\xbc\xc0NN\xd2\xc6\xd8\
\x5c\xe7\x19\x87\xdbl;2\xb3\x85K\x80\x89'\xd9\xa7\
\xd5\x95\xf1\xfb\x9b\x1e\x10\xe1\x1e\x1f\xe7O&\x93\xde\x97\
EU\x9d#\x8b\xa8H\x892k\x93\xd9u\xb2_\xce\
\xd7b\xad\xae\xc3\x1c\x09\x00\xf7\xd8\xa4Gw\x0f\xce0\
N\xdd\x94\x10\x93(\xc0\xc8\x0a\xe2r\xb9\xec\xe9\xec.\
w&mV)\xbd\xad\xdc\x0euWc.\x91D\x12\
\xe9\x98\xf1\xfb\xdbIM\x1e\x19\xa7\xdbug\xe5\x9b\x00\
\x90\x8c\x97=n\xbe\xb37\xfbT\x93:\x941\x0f\xd2\
\x07\x93\xc0@\xfc\x0e'\xda@\xd6\x01l\x00\xeb\x12\x8e\
,_#\x09V\xaa\x82\xcc\xcb\x84\xcb\x8b-<\x10\xd2\
\x1a\xbb\x0fJ\x9a\x19?\xd7\xf2\x22\x99\xd3;\xd7!S\
acw(\xde8\x0a\xffH\xde\xe1\xa0q\x864\xf7\
\xd9\xedv\xb7=%\xcc\xf5\xc5K\x98\xde\xc5\x9a\xb5.\
k\xbe\xa3\xc1\xad\x94\xd3#\xe9\xd8\xef\xb3S\x19\x877\
J\x9ak\xb8U\xb3\xde\x80#\xadSp=\x16\xab<\
O\x00\x87!\xedx\x7f\x05\x0bsw\xbf\x8f\xb3\x5c\xca\
PD\x1d@y\x7f$\x00r+L\xf0x\xc3\xa8\x09\
1\x8e\xc5\xce\xee\x90\x9c\xd1x\x1f\xcf2\xba\x1a\x00n\
1\xbcr\xe5\xbb\x5c\xcc\x5c\xedP\xd7=\xa7\xb8t\xaa\
ke\xb6T~\x19XN\xe3n\xebR\xb8i\xa5\xe4\
\x5c/\xcf\xf18C\xb0\x1c\xeev\xd2\xfc\x00\x80{\xb5\
\x8f\xd2\xe1h\xc5!^\xf8a.\xd6UR\x00\xc3\xd6\
&\xaa\x0e\x0c\xc6\xeb\x8c\xe0\xee\x090/\x97\xcbz|\
|\xbc\x1e\x00\xde\xac`\xf4Z\xfb\xb7S\xbc\xbe\x9f\xa4\
\xc6\x13N\x16k\x00`X\xce\x9f\x5c 3\x87y\x87\
\xc9\x97\xa5\x5c\xb3\xe2\x5c0Ip9C\xf8;\x00\x88\
v\xcb\xc3\x09\x00\xafs8E#@\x91=\xcd/p\
h.\xf4\xa4\x80\x96\xfc\xc0\x87\x83\xc9e\x11\xce\xc0\x03\
-\xae\x06\x00\xad\xde\xa5\xfa\x05\xfa\xb8\x90\x1f\x90h\xc1\
\xc2\x03M\xe5\xaa\xea\x9c\xd2}~\xcb\x9bv\x0c\xef\xb7\
\xec\x5c\xd5_\xba=\x1e\x8f\xbdh\xc3qn\xbb\xbc\xe3\
\xd8\xb5\x1a\x92\xe5G\xbf;\x9b\xd9Y\xb9\xac\xeb\x1aN\
\xc9d\xae\xfe\x0a\x9a\xec\xf5\x0d\x04\x13\xc5,kny\
\x197\xf6\xc0\xfe\xcc\x8b\xcfl6\x9b\x7f\x0e\x00ww\
w\xcdtn\x10x\xf5\xcfRe+}\x9b\xa8\x19D\
\xd9\xc3bX\xd2\x1f\xbbxS54g\xf0\xf5\xcc\xf4\
\xfd{\x22\xdf]\x0b\xe3w\xbb\xe8u\x04\x1fD\xbd\xd7\
\xf6\x1d\xa9\x94\x1e\xb7\xa3\xeeH\x98\x93m\x80m<f\
\x8e\xd4\x158\x08\x086\xdd\xf0\x9c\x22\xb7\xcf\x16\xcfn\
~N\xa0\x01\xe0\x1b\x1b\x89\xa8D3\x13w\xdaw\xef\
\x9a|\xc1\x8b'\x06\x8d7=\xd8\x89\x10Q;\x11\x00\
\xb9\xce\x9b`y\x9c\xc9+\x0c`\xb8N\x12X\xc6k\
`\xe6\xd7\xb8&\xb8\xb3\x1b1\x10\x18\x937\xa2$\xb3\
O\xa7'\x19\xf6\x17S\x00\x00g\x00\xc6L\x96\xbci\
W0\xfb\xd8Md\x00\x05\x03\xa2\x8d\x22\x05;\x12\x18\
\x84\xfb|\x1b\x0c\x10\xd8h\xe6\x07\xae\xe7\xce,l\xe1\
\xf2+\x89\x91[,\xfah\x1ch\x83\x03R\x1b\xdc\xac\
\x9c1s\x8d\xbc\xd3\xd7%.S\xbf\xbb\x0f\x03\xc8\x0c\
\xdd\x9c$\x89q\xeb \xad\xb7\xbe\x9c\xa2\x05&o\x13\
\xbb\x19\x00\x0c\xcci,\x09 \x13\xf4\xffM\xc6\xdc\xaf\
\xfb}v\xbc\x89\x8f5\x02?y\x9b\xf7\xe3XRa\
\xab\xb30@N\xa7\xf3.&\x1f.?N\xd5Y6\
x\x1fB\x18d\x8e\x83q\xf9\xaeh;\xd9\xcb\xc8\x00\
\xc4\xa5\x92q\xa7\x86\xe1\x97\xb9\x8fA\xe0u\x84\xf4\x81\
K\xc5M\x00X,\x16=\xc6\xdbZy\x225{s\
$/\x0ck#U\x9d\x1f1\xc3\xef\xdcr\xb6Z\xb2\
\xbc\xa7\x90\xf1\xb4\x9eA\x80\xc1\x92\xab\xd8H\xb9\x07\xcf\
\xca\x9bS\xbb\x1dXU\xbd2hi\xd7\xce\x85\xec1\
\xae\xfc\xa2\x0d\x13\x5c\x8f9\xd7\x1b\xfc7;3\x15?\
\x07\x17\xb6A\xe4\xb2/\xae\x02\xc0x<\xee\xc9\xbd\x5c\
\xc0\xd1\xc9\x84\xcc\x15\x5co\xf8\xbb\x0d\xcc\xe7\xa9\xb9\xb0\
x\xa7\xfc\x96F\xe0\xde:\xa5\xe9V\x9f\xdc\x1ao\x92\
L\xcem1\xc7\xbb\x96S|\xe1\x9a~%\xa8r\xa3\
'\xb6\x84`Z\xc0q\x0080\x5c\x02\x00F\xaeC\
|\xebH\xbd\xe4RI\xb9\x08\x80\xf7\xef\xdf\xf7\x9e\x11\
\xe8\x85\x14\xf7\xe0\xd9\xba0`\x13\xa3T\xc0<I\x83\
)\xb7\x5c\xb5\x98oK\xe0\xe1\xb0R\xd7*+8\x09\
\x03\x99\x8c\xcdf\xb3Z,\x16]\xeb\xcb\xf5\xf3\x9e\x81\
\xd6\x12\xb6\xaf\xe5~\xdfe\x80}\x0b\xae\xf9v\x94\x09\
i\xce\xdd\xfaJk\x91,\x851\xff\x9f\xec\x94\xda\xc1\
7\x01\xe0\x8d\x8c\x0c\x0c#x\xf5\xca\x84)\x05\x1e~\
v/\x8e#]\xa7\x9c\xc6\xac\x8ae\x9b\xc4\xdfq\xa4\
\xb9\x05\xef\xf1\xdfL\xcaH\xcdd\x0c\xae_u\xbem\
\xec\xfe\xfe\xbe\xf7E\xd1\x8eV\x83\xce\xe7\xca\x0c\xc7\xb9\
r\xa3\x86\xd3\xbeu{\xbfZ\xa44\xeb\xb9\xe5l\x80\
\xe1\xb2\xe0\xf7\xe3\x13\xc6}\x15\x00\x18\x8c/\xcc\xef\xcc\
\xcaq\xa8W\xc6,\xf8\x00\xa6\xec\x95s2\xae\xd1\x87\
\xc3\xa1g<\xa7\xce\xcc(F9\x13\xf6\x9a\xbe\x1d\x06\
{7\xb0\xab\xaa#n\xdc\xbe\xed\xac\x97\xf3\xe0\xfc\x00\
 \x85\x1b\x83\x831\xb8\xferNg>;\xac\xe5\x83\
,\x09\xc9\x05r\xd7vK\x1b\xf9\xdaq\xf19\x81v\
\xb2\x07\xe2\x14\xc3E\x1c\x09D\x90k\xa4{t;\xdc\
\x93\xf2\xaaY\x8b\x84y\xd50k'\x93t\xf6\xe0<\
l`\xb9\xbf\xbf\xef\xf60\x00\x00\xd2\xb6\x9f_\x0c\x08\
sL\xbe\x96o\xec\xb4f\xc1\xf9R\xd7\xc8E\xaf\x96\
S\xb2\xb3\xf2\xef3\x95\xdb\xc1\xd893\x86\xed}u\
\x17\xe0\x88'\x22L\xd2R\xe93\xc9\xa2Eb\x00F\
i\xaa\x85\xad\x9d@\x9c\x8f\x89\xe6\x86\x09O\xd0\x91o\
\x10\xf2;\x22r\xb1X\xd4\xc3\xc3CGj\x99\x9b\xb5\
\x0d\x97\x08G\x923]n\x11\xcb\xbe?\x15M\xa2=\
\x85!\x9c\x97\xed\xabE\x9c\x0c\x8e<\x92\xef8\xabx\
\x1b~\xde\xe3\xf9]\x00X,\x16\xbd\xdaA\xfa\xe6g\
\xc4\x95\x9c\x00\x7fw\xfd\x06\x04^\xb2d\xf0f\xf56\
t+\x9da\x18\xefT\xc6Yy\xedl\xeb,\xdep\
\x1e\x00\x82\xac\xeb\xba\xcd{\x0cHG\x15\x19\xce\x02X\
j\x09\x9eWv6-\x1d%\x1dm\xb2m\x92\xe8\xdf\
\x01B|c;\xf3\xef\xd7\xbe3\xf0\x22\x00~\xf3\x9b\
\xdft\xfd\xb0#\x01\x87\x11i\xa9\xbe\x19\xc1\xaeWf\
\xbf\xa7\xd3\xe9\x05\x83N6l#%\x8b\xcd^\x19\xe7\
8\x0d\x9b\x91\xdb\xc1\x064@\xf6\xcd\x9a\xfc\xbd\xc5\xb2\
1(\xc6G!\xccn\xc8:@Uu\x9bV]\xb2\
\xd2\x99&s\x5c\x9f\x08v}G\xfb\xa7%Ny\x98\
\x9dK\xbe;\xfbk\x1a\xc0E\x00\xfc\xfe\xf7\xbf\xefR\
&};\x13\xa5o\xf6:\xbb'`Rc!\xc2i\
\x1c'\x98\x9d^b\xc5\x16\x7f\x9cN\x1d\x15\x5c\xcf\x0a\
\x9b{\xf2d\xc1v\xd8\xa5}\x80^8\xcaUD\xcf\
\xcd\xdcg<\x1ew\x80#k\x22\x06e\x86\xc9\xc0H\
\x1d\x1f\x87z\x9f\xa5W\xfd\x1c\x18\xb9.\xe0\x0d1\xad\
\xf2\xf1M\x00\xfc\xe1\x0f\x7f\xa8\xb7o\xdfv\xac\x99\x94\
\x07C\xf7\x16*\xa2:[\x12\x1b3\x1dj&\x8fC\
\xb2\xfd\xc1\xc1\x06\x0c\xff:\x9a\x5c\x0eZ\x82G\xf6\xd7\
n\x8d\xb2\xe5l\xb1k\x00\x90+\x84\x00\x9f2H\xfb\
\xe7\xf5\x12;\x8a\xc0\xf1\x0d/n\xe5\x5cf,\x81\x1b\
\x00\xde\xa3\xe0\xec\x99_m\x9b\xa0\xb9\x1a\x00?\xfc\xf0\
C\x8f\x15\x0f\x87\xc3\xde\x85\xfdP\x03;\xc5No\xb5\
1\xae\xcff\xcfUg\x06Ojm\xb5F\xd9\xe6q\
\x0edbG:\x11\x80\xc0TU\xbdM\x1bI\xe0\x00\
\x0aD\xd5m\xaa\xcb\xd7\xa5%\xe9\xd40L\x82\x99\xdf\
t:\xad\xc5b\xd1\xdb?\xe1\xb9\xf9\x9c\xae\xf3\xb6c\
\x82<[u\x97\x05\xc0p5\x00x\x9a\x95\x17F\x86\
\xc3a\xefk\xd1L\xc0l\xd0V\xbb\x98u\x1d0\xb4\
Z\x22;2\x09\x22\xa9\xd6\xac\xdb\xd7I1\xcai0\
\xc5\x11\xf7\xef\x18\xd2\x91\xe8\x12\xe3;\x928\xbf\x15F\
;\x0f\xa0\x1c\x0e\x87^\x0a\x07\xb0h\x0e\x94\x14\xf8\x04\
\xf3\xe4\x1e\x01/BQ\xc7\x01\xa4\x01\xd3\x9a\x97\xa5\xf3\
o\x1d\x17\x95@\xd7hR\xbf\x1d\xce\x80=9\x1f\x96\
-\x93\xdc%\x13NP\xb4V\x1d\xad\x11\xe4Z\xbd?\
\xeb\xecb\x07\xe758/ct\xd4{\x8c\x901\xdf\
\xe9\xc4\x16r\x9f\x8b\x92\xe0\xaf{\x038v\x12%\x94\
G\xd7\xf1Y\x00d\x80\x8fF\xa3\x8eg\xe0l\xb2\x9d\
A\xce<\xbd\xc8\xe5\xee\xe1j\x00\x90\xe2M\xaa\x8c\xf2\
tL\xab\xaf\xcf\xbe=K\x01\x9fw\x861\xe8,\xe8\
\x18hv>\x0e\xca\xfanb\x97Y\xc6\x804HS\
\x95\xe4\xff\x901\x1c\x8b\x93|/\x22\xef\xe7\xc1\x9a\xb4\
f\x19\x04\x061\xfa\x04\xe7d\x9e\xbb\xdd\xf9K!\xc9\
\xba\xd8\x91y\x19\xccd\x89\x5c\xf3\xa0\xe5\xfdV\x16h\
\x02\x00M\xfck\x00\xc8\xf4j\x07g=\xe3\xef\x99z\
\xcd\xf0\xf9\x9b\x01\xe5\xeb\xb6\xce\x9b\xbb\x7fR\x14\xe1\xb0\
ZfBe\x92\x96\xe4\x13\x87z{\xb8\x01`\x80\x8d\
F\xa3n'qU\xff\x0b\xb4/\xd9\x81\xc7\xddXS\
q\xc7\x90b\x12\x99\x80\xbf9\xc82\xab\xf1\xfb\xec\xb4\
\xbe\x1b\x00p\x00\x98\x7f^\xa4U\xd3\xfd;_\xdc\x82\
IkQ\xc6\x00 \xe5\xb5\x94\xbe\x5cP\xf2\x17?\x9a\
i\x0f\x06\xe7\xc7\xa6\x98h\xbaf\xf2\x19\xce\xed5~\
\x9f\x7f\xbd^\xf76^0>\xbeN\xc6-/68\
\x1e\x8f=-\xc0\xefs[\x86\x0dLL)\xb5\x0e\x0c\
\xceK\x89\xe2}\x96x[\x9c\xe7[\xed\xdfW\x01\xe0\
\xe5\xdeK\xec\xd3\x8es\xbd1!49\x83\xecXn\
\xf59\xcd\x13\x5c\xd7q\x1c\xce\xccHu\xf9!=f\
:\xb7\x11]\x1ep\xbe\xaf\xe5\xba\xcfv\xabd\xff\xfb\
\xfd\xbe{\x80\x96\x85\x22\xde\xef'\x81\xbb\x0c\x9a\x8c\x02\
8\xc6_U\xddz?\x81\x92\x19\x89k\x03B\x13\xd3\
\x960w3\x00>~\xfcX\xcb\xe5\xb2\xf7x\xd5\x94\
!\xed8\x03\xc25\x9d\x03RdGd\xab\x87\xf8\x81\
\x11L\x84\xbc\xae\x9f\xe4\xcb\xd7tVI\xc3Q\x93}\
\x7f\x83\xb7s\xbb\xacx\xbe.G\xceB.?\xa4\xee\
\xf1x\x5c\xcb\xe5\xb2\x16\x8bE\xedv\xbb\xee\x1b\xd8[\
\xa0\xf6\xc2\x96Ab\xc0\x03\x02\x97\x0e+\x92p\x8eT\
g\x99\x13@\xbb\x1a\x00\x7f\xfb\xdb\xdf\xea\xe9\xe9\xa9s\
vk?\xbd\x07\x9d\x93kI\xbcN]\xc9\xb8\xab\xce\
:v\xb6[\xf9\xb3\xcbF\xab\x95\xf4\xfb\xb3\x86\x024\
\xa2\x0cn`\xd6l1\xc5\x000\x109OU\xf5\xd2\
0Y\xce;tYW1p)\x8b\x0e\x122\xae\xe7\
\x0c\x08\x9cI\xd1\x0e\xd8*\xdf\x9a\xbf[\xe9\x9b\x00\xf0\
\xf7\xbf\xff\xbd\x9e\x9e\x9ez\x8e\xce\xe8o\x91@\x13\x91\
\x04\x84\x8d\x9frk\xa6\xc8\x5c\xe2\xcc\xae\xc3\x93\xf5\xa4\
\xf9\xd9\x93\xb7\xf4\x9a\xe7d\x0c\xccq08\x7fC\xa8\
k\x7f\x12E\x83\x8c\xe8\xe7\x5c0w\xe6\x91\xd2\xb9U\
A\x13\xd6\xec\xe7\x1d\x18\xeel\xac\x02\x9a`f\xed7\
A\xbd\x1a\x00\x8f\x8f\x8f\xb5^\xaf;M\xdb\xcev\xcb\
\xe2\xbbg\xb8\xa8\x0f\x80\xe3\xb4\x9a}\xa9\xc5\x8d\xac\xb5\
f\xce\x9eT\x8b\xe0\xa5>\xc0\xfb!a\xad\xe8\xb3\xf3\
\x5c\x87\xf96p;\xd2\xe0\xf6\xb5\xb0\x8d\x95R\xc8\x1d\
Y\xd3\x0bUn\xd3L\x10STs\xf6\xccv9e\
lg\xcf\x16\xb7\xba\x1a\x00,(\xd0&\x91Bs'\
\x10,\xd9\x06\xf6D\xf8?\xd2'\xe5#\xc9\x8d\xc9c\
\xb6\x8a\xee\xedi\x99\xfcw\x22\xc4\x1c\xc1\xe7\xb4\xe3\x07\
\x83\xb3\xc8\x84\xf1-\xd7R\x02|\xa3\x05\x0eO`\xb9\
#qY\xb3z\x89c\xdc\xe2\xba>\xfb}\xce\x86\xd9\
\xd6\xd9\xf1\x90\xeb|\x00\xa5\xc7\xc7\xe7\x98\xdf\xd5\x00x\
zz\xea=\xeb/\x01\xc0\xffY}\x22MV\xf5\x1f\
e\x02+o-\xa6x\x95\xd0L\xd8\x8c\xde\x1b6\xb8\
\x03\xd7\xa0\xe2\xde\x00\x0c\x0cK\xb6\xf3\x92\x13\xb8\x8e\xdb\
P\xbc\xac\xd3{\xbe\x97>g\xe7%#\x07PD\xa9\
3(\xefu \xf9\x06\x0f\x93\xb8\x96\x0a\x0b\x09\x9c\xcd\
f\xddx[\xcf7\xbaI\x09\xfc\xf4\xe9SO\xab\xce\
\x1e\x96\x89\xf9\xbbt\xb9\x90\x19+\xb5/;\x08\xb7N\
\x9c\xd3\x04\x8f\xf6\xcc\x1b:Z;v\xdd1\x18l|\
\xc13cr\x1a\xcdn\x02c\xba\xb7f\xee\xd6\xdd\xb3\
F\x1b\x04\xc9y\xd2I.Y\x96}\x87\xc3a/\x90\
\xf2fT\x07\x84\xafA\x00\xe1|\x82$\xf5\x7f\xcb\xd7\
W\x01\xe0\xe7\x9f\x7f\xee\xb1~3\xfdl\x9b\x98d\xca\
\x9e<2\xce\x0bDN\x8b\xad\x94G\xa4\xe0T\x03\xc0\
\xcf\x04v\x87\xc1\x980\x18\xed\x185\xd8\xf5\xd5\x1d\x0a\
\xd7\xc1\xe9f\xfff\xf1\xae\xc9\x00\x13-\xc3\x19\x82#\
y\x01%\xc4\xc4\xcf\xa5\x95\x92C\xd9\xc5\x86\xd65Z\
\x9d\x0d\xa0\xb7*I\x96\xf2M\xa87e\x80\x8f\x1f?\
\xf6\x96E\xb3F\x13\x81NuD\xa4Ib\xd5\xcb'\
he\xcd\xac:K\xb5N\xa7.#\x16n\xcc\xaa\x93\
t\x9eN\xa7\xde\xe3\xe9M\xe4\xec\x9c$\xa7\xbe\xd5\xca\
\xc4\xd6}9\xe9\x15\x1e\xe1\xde\x9bHv\x16d\x19\x9a\
\x08t\xed\xa7\x8c\x11<~\x1a\x99;-\xb7\xbeYn\
\x5cJ.q\x1d\xec;\x9b\xcd.n\x0d\xfb\xea\x17F\
\xa4rE\xef\xec\x9a\xdf\xeaA1\x82\x97Q\x9d\xba\xcc\
X\x1d\xbd|.IQ\xb6\x9ap\x03\xf7\xe4.=9\
&\xcb\xcad \x00\x03\x186\x9bM\xf7\x88|\x83\x06\
pN&\x93^\xc9\xc2\xa1nY\x0d\xc4\xcc<\xc9\xdc\
\x0d\xc2\x0c2\x97\x80\x0c\x1cg\xcfVw\xe0\xac\xc1y\
\xe7\xf3\xf9\xf5\x00\xe0{\x03Mj\xdc\xcfg\x14\x9b\xf4\
\xd9\xd0\xd9\x86\xb8\x04`\xe0d\xc6V\xe4P\xef\xf6\xfb\
\xf3W\xc7\x90\xfa\x9c\x8d\xf8\x9c\xd3d\xa6M\x97\x99\x14\
\x91\x88Z\xb2\x01\xe7\x82\x5c\x9a\x17\x00j\xf7\xdey\xed\
Vt\x1a\x84&\x9cIX\xb1\x0b\xab\x8a\xe62\xad\x96\
\x91\xfd\x8f\x94N\xde\x8b\xf4M\xf7t5\x006\x9b\xcd\
\x8beO\x0c\x95u\xdf\xe8\xce\xf72h#\xdf\x8b\x22\
\x961\xdd\xd7r}\xce\x9d24\x13\xf5\xcb\x19$#\
\x85\xf7W\xbd|\x96\xb1\x9dCmw+\xeb\x08d}\
\xc0D\xd6\x91\x9e@\xf0X\xad\x82\x02\x00\x00\x9c\xa5\xce\
Y\xf6\x12\x07\xf07\xa2\xc1/L\xd8\xbd4|\x15\x00\
\xd8]\x0a\x0a\x1d\xb9N\x95\xf4\xbe\x10\x0f\x8c\xd8\xd2\xfe\
\x9d\xce0\xb0S\xf2\xe1p^\x0d#\xe5\x9a\xd4\x99\xb8\
\xb5\x94=\xce\xedV\x8e\xd4\xc78\x99KU\xfff\xcf\
\x94a\xab\xfa\xb7Ve\x7f\xcf9[\xd9\xac%\x88\x11\
\xe5\x9e\xab;\x19s\x0al\x90D\x17G:\xd8\x0cj\
dh\xef%d\x1b\xda\xd5\x00\xc0\xc1\x06\xc0`0\xe8\
\xd6\xbds\xabS\xd6\xe3\xaa\x97\xbbo\xdcos\x00\x06\
\xafwC\xba`\xe8\xe3\xf1\xb8\xb7{\x96\x08\xb4\x08\x92\
\xd1\xef\x1d\xb7\xfc>S\xaa#\x9c\xd7px\xbe\xef!\
\xcb\x8d\x85&\x13_\x8b@\x06?\x9f1)4_\xf0\
\xb9\x92$\xba\x86s.\xb6\xea\x9b`\x1a\x98\x06\x9c\xbb\
\xab\xf7\xef\xdf_\x0f\x00\xbe4\x0aCdt;\xe5\xf1\
\xf7VML]\xdf`\xb2\x14\xca\xe7q,\x8e'\xa2\
\xb8\x89\x03^\x82\xc1s\x9f\x80\x09\xa3\xaf\x89\x91\xec\x00\
s\x0d\xb2\x99\xeb\xbeu\x03\x97/\xa2\xd8\xa0\xe4w~\
\x8c\x0d\x0e6\x07014\xff\xc0\xc9\xa9(\xba\xce\xb7\
H.\xf3&c\xba\x15\xe4u\x13\x00\x9e\x9e\x9ej\xb9\
\x5c\xd6~\xbf\xdfy\x02f\xe2\x99\x16a\xfd\xb9\x9af\
G\x90\xbe\x01\x96keK\xed\xf2\x0a\xa1\x9fP\xea\xf4\
\x9d\xd9\xc7\x9a\xb8I\x93#\x0f\x12\xe6M\x1f\xf0\x1a\x0c\
\xcf\x98\x1c\x04\xa4q\xfe\xf5\x0b\xdd\x83\xaf\xa7E\xac\xb1\
\x82\xd8\xd2.\xac}0\x06\xb8W\xde\xdb\xd0\x22\xbaY\
\xc6\x1c\x98\xd3\xe9\xb4\x1e\x1e\x1en\x03\xc0_\xff\xfa\xd7\
\x7fg\x02>)\x93tm\xc4\x988\xdfk\xfb\xa4r\
\xb6WYc\xcf\xcd\x9b\xee\xf5\xb9\xab\xf7\xcd\x9b7\xf5\
\xab_\xfd\xaa~\xfc\xf1\xc7\xfa\xf0\xe1C\xb7\xce\xee\x0c\
`\xf2\x89\xba\xf6\xfc\xfc\x5c\xab\xd5\xea\x85\xa0C\x99X\
\xadV\xf5\xf9\xf3\xe7\xfa\xf4\xe9S\xfd\xe3\x1f\xff\xe8$\
\xf0\xec\xb1\xd9\xcdkA\xeat:\xf5\xea-\xa2\x0f\x8f\
\x91yxx\xa8w\xef\xdeu\x0f\x9c\xb0\xb33\x03\x90\
\xb9F\xa3Qw\x1f#w+\xf3\x7f\xb6\x90q\xf7\x8f\
\xc5+\x9e\x06\xfa\xf8\xf8\xd8en\xceWU\xddg[\
GK'\x1cU\xd5\xbfT\xd5\x9f.~\xea\xbf\xc1\x01\
\xfb\xbd\xbf\xbf\xaf\xb7o\xdfvu\xfbx<\xd6\xd3\xd3\
S}\xfc\xf8\xf1\xab\x8fG\xfb\x9fr\xfc\xf0\xc3\x0f\xf5\
\xbb\xdf\xfd\xae~\xfb\xdb\xdf\xd6d2\xa9\xcf\x9f?\xd7\
O?\xfdT\x8f\x8f\x8f\xdd:\x0cw\x05}\xe3\xf8\xcf\
\xaa\xfa\x8f\xaa\xea\xed\x15\xbb$\x14\x8f\xaa\xear\xf3\xf8\
z\xfcO<\xb6\x15\xce\x7f=^\x8f\xd7\xe3\xf5x=\
^\x8f\xd7\xe3\x7f\xef\xf1_g\xbf^\xe1\xf2V6\xa3\
\x00\x00\x00\x00IEND\xaeB`\x82\
\x00\x00\x01\x97\
\x89\
PNG\x0d\x0a\x1a\x0a\x00\x00\x00\x0dIHDR\x00\
\x00\x00\x80\x00\x00\x00\x80\x08\x06\x00\x00\x00\xc3>a\xcb\
\x00\x00\x01^IDATx\x9c\xed\xd2\xb1\x0d\x800\
\x00\x03A`\x9a\x0c\x93q\xb3\x1f\xd9\x802B\xfa\xbb\
\xd6\x85\x9b\xbf\xc7\x18\xefu\xd0Z\xebs\x9fs\xfa?\
\xe89\xfa\xc6\xef\x08 N\x00q\x02\x88\x13@\x9c\x00\
\xe2\x04\x10'\x808\x01\xc4\x09 N\x00q\x02\x88\x13\
@\x9c\x00\xe2\x04\x10'\x808\x01\xc4\x09 N\x00q\
\x02\x88\x13@\x9c\x00\xe2\x04\x10'\x808\x01\xc4\x09 \
N\x00q\x02\x88\x13@\x9c\x00\xe2\x04\x10'\x808\x01\
\xc4\x09 N\x00q\x02\x88\x13@\x9c\x00\xe2\x04\x10'\
\x808\x01\xc4\x09 N\x00q\x02\x88\x13@\x9c\x00\xe2\
\x04\x10'\x808\x01\xc4\x09 N\x00q\x02\x88\x13@\
\x9c\x00\xe2\x04\x10'\x808\x01\xc4\x09 N\x00q\x02\
\x88\x13@\x9c\x00\xe2\x04\x10'\x808\x01\xc4\x09 N\
\x00q\x02\x88\x13@\x9c\x00\xe2\x04\x10'\x808\x01\xc4\
\x09 N\x00q\x02\x88\x13@\x9c\x00\xe2\x04\x10'\x80\
8\x01\xc4\x09 N\x00q\x02\x88\x13@\x9c\x00\xe2\x04\
\x10'\x808\x01\xc4\x09 N\x00q\x02\x88\x13@\x9c\
\x00\xe2\x04\x10'\x808\x01\xc4\x09 N\x00q\x02\x88\
\x13@\x9c\x00\xe2\x04\x10'\x808\x01\xc4\x09 N\x00\
q\x02\x88\x13@\x9c\x00\xe2\x04\x10'\x808\x01\xc4\x09\
 N\x00q\x02\x88\x13@\x9c\x00\xe2\x04\x10'\x808\
\x01\xc4\x09 N\x00q\x02\x88\x13@\x9c\x00\xe2\x04\x10\
\xb7\x01C\xef\x0bw!9\xfd\xdd\x00\x00\x00\x00IE\
ND\xaeB`\x82\
\x00\x00\x16p\
\x89\
PNG\x0d\x0a\x1a\x0a\x00\x00\x00\x0dIHDR\x00\
\x00\x00\x80\x00\x00\x00\x80\x08\x06\x00\x00\x00\xc3>a\xcb\
\x00\x00\x167IDATx\x9c\xed]Kn$G\
\xb2t\x16\xc9\xee\xa6.2\x1b-\x06\xef`\xb3\xd69\
\xde\xa5\xb4\x1b\x8c6\x03\xcc-\x04h!\xa9Y\x9f\xb7\
\xe8q\xb6\xb5\xd1\xcc\xdd#\xaa\xd8\x03\xbca\x00\x89L\
VfF\xf8\xc7\xdc\xdc#2\xab\x18\xf1\xde\xde\xdb{\
{o\xef\xed\xbd\xbd\xb7\xff\xc6vg>\xbf\x8f\x88\x0f\
\xdfS\x90\xf7\xf6\xe6\xedsD\x9c\xf8C\x05\x80\xfb\x88\
\xf8kD\xfc\xe5\x8d\x05\xfa\x7f\xd3\xee\xee\xee\xe2\xd3\xa7\
O\xf1\xf4\xf4\x14\x9f>}\x92\xc7\xf9w\xee\xef\xee\xee\
^\xb6\xc3\xe1\xf0\xb2\xe7\xed\xfe\xfe\xfee\xcf\xdb\xc3\xc3\
\xc3\xcb\x9e\xb7\xc7\xc7\xc7o\xf6\xbf\xfc\xf2\xcb\xbf~\xfa\
\xe9\xa7\x7f\x04\x81\xe0A\xe8\xf3!\xbe8\xffo\xdf\xc1\
v\xb6\xa5\xe0J\x19<\xbe\xbf\xbf_6\xa43\xa83\
\xb02\xb6s\x80r\x08\x7fv8\x1c\x22\xe2\x0bpx\
_m\xa8_\xa7/o\xa7\xd3\xe9\x7f#\xe2\x9f\x11\xf1\
;\xdaY\x01\xe0\xa5\xfd\xf8\xe3\x8f\xffs<\x1e\xe3t\
:\x85\xdb\xf3\xf1\xf9|\x8e\xcb\xe5\x12www/\xc6\
V\x86d\x03N\xf7x\x8c\x86Kc(\xc3\xe0q\xca\
T\x01\x03\x01\xe2\xc0R\x81\x08uT\xf7\xa5\xdc\xca\xf9\
\x0a\x08J\xc7\x09(r\xff\xf9\xf3\xe7\xbf\xff\xfe\xfb\xef\
\xa1Z\x09\x80\x7fG\xe2c\x1a\xebx<&\x9a^\xf6\
\xa7\xd3)\xee\xef\xef\xe3|>\xc7\xe9t\x8a\xcb\xe5\xf2\
\x02\x00\x04\x813N\x05\x08\x07\x82\x8c 6\x9ckl\
L6\xbe\xba~r\x8d\xdb\xaav>\x9f-\x00\x94\xac\
\xf8w\xda\x15\x81\x90\xd7\x5c.\x978\x1c\x0ej\xff|\
<\x1e\xe3\x8f?\xfe\x90\xf2\x94\x00\xe8\xe8(\x9d}\xb9\
\x5c^\xee\xc1\xe3\xbc\x0e\xa3\xae\xa39\x17\x11\xb9G\x86\
\xc1\xeb\xb0\xef<\x8f\xf2)YYW\xdc+\x19\xae\xdd\
\xba1\xa7\xe3\x9d\xcf\xe7\x17}\xf1\x18\xf5\xc6\xfd\xcd\x00\
\xc0NG\x83\xa2\xf1\x19\x00\xd5\xb6b\xc0\xf3\xf9,\x0d\
V\x19\xc29\x7f\x02\x84k\x01\x80\xf6:\x9f\xcf\xaf\xe4\
\xdfq~\xa7\xaf\xda\x9fN\xa7\xd8J\x01\xa9D\xd2\x96\
R\x0e\x05F\x85\xf9\xda\xca\xf1\x1d\x18\x22\x22N\xa7\x93\
u\x90\x8a|\xc7P\x13\xe7\xab\xfe\x95\x0d\xba\xe0\xc0{\
xL5\x16\x8f\xcb\x7f\xb3\x8dR\xdf\x04C\xeeo\xc2\
\x00\x5c@9c\xb2@\xcc\x00;,\xc09.\x9d\xcf\
\xc6\xe3\xeb\xd1\x00\x09\x02lN\xfe\xca\x09J?\xb51\
@P\x0e\x94\xdfE\xffD\x06\x8c\xfa\x8a\x05n\x0e\x80\
I\xfeD\x94s\x8eF q\xb5]\x01\xe2r\xb9\xc4\
\xf1x,\x1d\xa6\x0c\xd1\xe5~6\xfc\x14\x00+\x0c\x80\
\x80p6s\xfbjc\x10(\xda\xbf\x19\x00\x5c\xf4\xb3\
1\x99r\xd9\xa8\xcc\x04\x1d\x08R\xd1\x0ep\x8a\x0eW\
\x0a?\xd5\xdf\xc4\x09\x95\xc3\xf9s\x07`vz'\xc7\
$\xf2\x1d\x00N\xa7\xd3>\x03(\xc7\xb2pU\xa4)\
\x00T[D\xbcL'#^\xe7k6\xd0J\xe1\xa7\
\x1c\xe1\xa2\xacr6G8\x17{\xf9\x19\xa7.7\xbe\
\xd2k\x1a\xf9*\xef\xdf\x84\x010:+\xe7g\xf1\xe1\
\x8c\xcd\x08f\x87\xf38\xd8\x97\xeb\x0f\xfbu\x11PE\
\xbd\xa2~\xc5(\x93\xfc\x9e\xe7\xd5gU\xe1\xa7t\xa9\
\xe4a\x10\xa8\xb4\x87\xc7\x08\x8a\xed\x14\x90\xcb\xac\xca\xa1\
\xca\x01\x11\xaf\xd3\xc3\x84\x05r!\x89\x01\xa0\xfa\xe3~\
U\x04`\xcb\xbfW\x8d]Q\xbe\xa2{\x06\x01S\xbf\
r\xbc\xd3I1\x5cG\xff*\x00\xf2\x9e\xad\x140Y\
\xb6\xcc\x01]\x9aP\x8a\xa9|\x9fK\xc8\x1c\xfd\x93\xfe\
\x18\xf5\xd9\x14p\xf0~\xd7W\x15\xe5\x9d\xd3\xf3\xef\xa4\
\xfe\x8a\x01\x1c\x0b\xf1\xdf8n\xc7z\x0c\x80\xb4\xc7\xd5\
)\x80Y\x00\xd1\xd5\x15\x88\xac\x10\xf7\x89\xceW\x00\xa8\
\xfa\xab*\x7f\xd5*\x9aw9~B\xf7\x1d\xf5+9\
\xdc~B\xffS\x00\xa4\x1c\xdb\x0c\xc0)\x80\x11\x88\xf9\
?B/\xb0(:\xcb(A\xc7#\x00\xaa>\x1d\xfd\
;\xe7\xbf\x05\xddW\x80`\xea\xe7\x14\xa4\xe4\x9a\xca\x97\
vW\x0b?\x15\x00n\xc2\x00J\x10\xa6\xff\x09eG\
\xc47\x0eW\x0c\xe0\xea\x80\x8a\xfe+\xe7w\x06^\x8d\
r\xc5z\x97\xcb\xc5R\xbf\xb2\x89r\xbe\x93\xd3\x15~\
\xac\xbf\xb2\xc7\xdd\xdd\x97\x14\xfb\xe7\x9f\x7f\xae\x01 \x9f\
\xbeu\x00\xe8h\x17\x95J#\xa5\xd3y?\xa9\x03\x1c\
\xfd\xbb1\x95Qw\xf2{\xb7\xe5:\x7f\xe7|\x94\xaf\
\x93\x93\xed]\xd1\x7f\x05\x80m\x06\xa8\x00\xa0\xa6\x7f\x95\
#\xd8\xc9\x15\x08T\x1a`#\xa1\xc2nL\xc7\x12\xd5\
\x1c~\xc5\xe9\xb8\xe1\xdaE\x05\x04f\xa5\xca\xf1\x9c\xea\
:\x0086\xbe\xba\x06p\x06u\x03\xa2\xc3\x22\xbe\xe4\
 \x95\xef]\x1a`&P\x8e\xcd\xf1\x9d\x91\xa7t\xbf\
\xba\xa5~x<u>\xcb\xc8\xb2\xf2\xdfj\xf5\xcf-\
\xfc\xa0O\xb8\x1d\x8f\xc7\xfd\x14\x90\x83\xa3P\x8e\xa6Y\
\xf1\xcb\xe5KQT\xd1f\x05\x02\x97\x02\x14\xf0\xba\x1c\
\xea\xa2\xbc*$\xd51\x7f\xc6\xd4_\xb1!\xca\x89\xb2\
:\xb9\xabu\x7f\x07\x00%\xe7V\x0d\xc0\x0cPQ\x8f\
R\x9c\xdf\x10b\x87O\xd8@9Y\x8d\x8d\x86t\xcb\
\xb6.\xf2\xa7\x8evz\xaae\xeb\x8e\x01\xd0\xe9\xce\xf9\
\x1d\xfdO\x01\x90\xe9w9\x05\xe4\xabWj\xf0*b\
\x22BF=;\xb4r>\x83\x00\x0d\xc7y_\x19l\
\x87\xee+Gw\xcew,\xa8\xd8K\x81\xa0\xa3\x7f\x17\
|\x15\x00\xb0]\x95\x02&\x0f[\x5c\xd4+\x03\xba\xcd\
\x81\x01\xefW\x8bR\xab9~\xc7\xd1\xea3U\x00\xdf\
\x92\x01\xd4\xba\xff\x04\x00\xd8\x10\xa8\xdb) Y\x00\x8b\
\x10eP5\x07\x9e8\x9e\xd9\x81A\xc0\xe3`\x91S\
9\xdc9e\xd5\xd1\xca\x99\xa9\xaf\x1b\x93\xfbBy\xf9\
x\x85\xfe9\x95\xb9\x22\x98\xc1\xb0\xbd\x0e\x90\xaf^#\
\xda\x94\xc1s\xf5kb\xc8\x8e\x11\x5cm\x80\xd4\x8f\xc8\
G\xa3\xa8>\x95\x0c\x95|\xce\xa0\xb8wK\xd6;\x0c\
\xc0)\x80\xa7\xddh\xfbI\xceWLP=\x96\x1e\xcd\
\x02\xdc\xe0\x19\xa5\x9d\xc1T\x9b\x00\x03S\x01\x1b\xa9s\
\xf0\x8eL\x93k\xbb\xe8w4\x9c\xb2\xe3\xb1\x02\x02?\
\xfc\xd9\x01\x00\x8e\x9dE\xa0kc\x000\xfdgd\xde\
\xba9\xa3w\xd7\xac\xf4wM\xab\xa6\xb58\x9e\x1bw\
:\x03H\xe7u\xf3~\x17\xf5,\xb3k\xa3\x220\x1d\
\x9f\xc7\x15\xa2\x94\xb2\x93k\x5cU\x9cy\x8e\x0d\xa4\xee\
\x9d\xf4\x7f\x8d\xdcn\xa9\xbaJ\x01\x98\xb6\x94L\x8e\xfe\
9\xffW\x00\xc0vs\x06\xe0\x22D!m\xe2\x90\xce\
\xd1\xae\x9a\xe7\xf3\xfc.\x81\xeboE\x0e\xd7\xf0\x1a\xa6\
~W\x0c_\xc3\x00\xdd\xc2O\xf5\xe0\xadb\x81-\x00\
\xf0,\x00\x17<\x94\xf1\x9ca;G+\xa7\xa32\x0c\
\x04\xf5\x84R=\xaf\x98\x00c\x22?\x1aQ=\xad\xec\
\x18@\xb5\xca\x1e\xdd\x13?\xae\xfc;\xfa\x8f\x882U\
\x8f\x18@\xbd\xd7\xde\x19\xb1s\x04:O=\x8d\xcb\xeb\
\xf8o|\x8d\xcc=\xae\xee6%k\xa5S\x82\x7f\x02\
\x80\x15\x06p\xdbj\xe1\x97\xcd\xb1\xf3U)\x00;\xaa\
\xe8k\x85\xdaq\xb5\x8e\xe9\x9ei\x9f\xabhN\x03j\
\xdb\x01\x83\xd3M9\xde\x01!\xe5\x9f0\x80\x0b\x06d\
\x81\x95\xc2\x8f\xc7D\x10o\x01\xa0\x12\xb8Rb\xe2\xf4\
\xc9[<\xd8?\x83\xa2\x03\xc0\x04\x0cN\x07\xd6\x91\xa9\
\x9fgB+3\x81.\x80v\x0b?\xd7\x7f\xb6-\x00\
\xe4\x8b\x1b)\x98*\xc8\xaeuz\x07\x00d\x06<\xb7\
\xe3\xf0i\xdd\x80\x9br\xfe\xb5u@\x174\xect\x05\
\x80l\xd3Zc\xab\x06\xc0y>?\xa8\x99\x82!\x1d\
\xc8\x94\xcf\x80\xe0\xc6\x8a\xa3B\xdc\x07\xd7\x03\x13`L\
\x9c\x8f6P\x8f\xa9\x15\x13\xa4\xec;\x0c\xd0=\xf1S\
6\xaa\x1a\xea\xb1\xcd\x00\x09\x80\xee\xed\x9d\x1c\xd09\xbc\
{z\xc8BW\x8a\xb3\xc1\x18\x04\xab`p\x80p/\
\xa9tu\xc0.\x03\xe0\xb3\x16\xb7\xde\xdf\xd5\x17\xaa\xef\
\xf4\x9fk\xe3\x14\xa0\x9c\xef^\xe2\xe8(\xdf\x09\x8f\x00\
P\x0c\x81\x0a2\x00v\x9c\xee\xd8\xa1\xd2\xcf\xd5\x03\x13\
\x9a^\xa5\xff\xdd\xa2O1\xd9\x16\x002\x92\xdd\xa3\xda\
\xceH\x0a\x0c\xce0l\x08\x8e&g<\xe5lf\x01\
u\x9d\xeb\x07u\xaf@\xee\x0a\xc2\x94\xb7\x03:\x1eW\
\xf3\xfe*p\xb8\x1fe\x9fm\x00p\x0d\xa0\x8cQ\x19\
J\x19\x09\xc1\xa0\x84\xc5\x08\xec\xd2D\x05\x00\x06\xc1J\
Zpo*\xab\x97V\xbb\xe9 \xee]\x84\xb2\xe3\x15\
\x00\xbaV\xf5\x1d\xb1\x99\x02\x14\x00T*p pQ\
\x82F\xc1\xfcV\xd1?\x1bQ\xd5\x01\xb9_u<n\
)\xe3\x84\xe1\xba\x19\x01\xca\xcd\x8er\xf9_\x01 \xdb\
\x0a\xa3\xbcy\x0ap`X1\x12*\xe6\xe8\xbf*\x02\
#B\x02\xc09_\x81AE\xca\xae~+\xb5N\xee\
Q\x06U\xf4\xa1\x8d\x5c\x1fo\x06\x80TnZ\x03L\
\xab\xe6\x89s\xb9\xf2\xad\x14\xaf\x0a\xc2\x15\x06\xe8\xc0\xbd\
\xaa\xdf\xc4q\x19\xf9;y_\xd9!\xfd\xc5v\xdc\x06\
\x00R\xf7t\xeb\x8a\xc2\x89r\x18\x19X\x9c9\x10t\
3\x82n\x8a\xe8t\x5c\x99\xf9L\x00\xae\x9cV\x15~\
\xee^\xd5\x8fbPL\xe1[\x00P5\xc0\xc4P\x13\
#E\xf8\xe8V\x91\x81\xcet4ZE\xb8\x02A\xf6\
\xd5Q|\x07\x02\x07\x00W\xc0\x22\xc8W\x0a\xbf*\xfa\
\xab\xed\xea\x14\xc0L\xa0\x22f\xf2}?W\x07(\xa5\
\xaa\x82\x88\x9d9a\x01\x07\x02\x96\xa9c4\x05\x04\xd4\
\x8dA\xeetL\x90\xe7\xbe\xab\xf8'\xd1\x9f\xfaO\xeb\
\x91\x16\x00\xca\xf1\x93\x94\xd0\x19I\x09\xd6Qce\x14\
7\xad\xebj\x81iz[\xad\x07*\x96\x9b\xe8\x98\xc7\
\xce\xe1\xae^H}\x10\x08\xe9\xcbe\x00\xb0\x12\xbb\x8e\
\xaf\x8cT94\x8d\xe3\x9a\x8b\x80<\xa7\x9c\x8e\x9f\xad\
\xe8U\x81\xa1\x02\x80K\x01\xe8HU\xf5\xa3\xf3+]\
\xab\xe8O \xe48\xae-\xcd\x02\x14\xdaV@\xe1\xa2\
\x84\x95\xc4\xbc\x9f\x8eB\xa3L\x8d\xc0``\xbd\xf2\xef\
U\xbd\xa6\xb5\x8e\x93\xddU\xfe\x0a\x00+t\xcf\xe9\xe4\
\xe6\x0c\xe0R\x823\xde\xe4\xfb\xff\x15\x00\xd4y\xbev\
b\x84\xcb\xe5\xdb_\xebT\xbaVQ\xdc\x81\xc2}\xb5\
\xdd1\x80s\xd4\x8e\xae*\xf29\x08\xb6\x18\xc0\x01\x80\
\x0d\xb4\x13-y_\xf6\xcd\xd1\xd1\xd1\xe7\xaa\x11\xd0\xf9\
\x1c\x91\x11\xb7a\x01\xf7\xa5V\x1c\xaf\x03yw\x1d\xd2\
z\xa5/\xf7\xbd\x0d\x00v\xbe2\xd2\x8e\xd1T\x84\xb0\
\xc2\x95QV\x8d\xc0\xdf\xdf\xe7\xbeY\xcf\xa9^\x0e\x04\
\x9c\x06p,\xa4\x7f\x96a\xa7\xba\xaf6\xd4k\x0b\x00\
xc7X\x15Ej*\x85\xd71\xe2\x9d\xf3+#\
\xb0\xcc\x13\xe7\xe3\x18\x95\xf3+}\xbbZ'e\xe1\xca\
\xdf\xc9\xb1\x03p\xa7\xfb\xd5\x0c\xc0\x1dt\x83M\xa2\x88\
\x0d\x95\x0d\xabs7\xdd\xa9\x8c\xa0d\xc24\xa3\x8c\x80\
\x91\xa7\xf4s\x80f\xe7;\xddp\x5cW\xf9WS\xbb\
\x89\xbe\x1d\x10\xb6g\x01\xdc:\x10L\x0d\xa7R\x01S\
\xff\x84\xfe:\x19\x22\xea\xdf\x1cF\x07\xe0~j\xecI\
\x9aC\x80G\x84\x9c\xa1\xec\xd0\xfdD\xf7I\xf4G\x0c\
j\x00\xd5Yw\xae\x02\x04\x1b\x8aQ:q\xfaD\xd9\
\xee\xc7\x1br,\x1c\x13\xe5\xe8\xf4\x98\x82\x1c\xf5r\xce\
\x9fD\xf9\x8a\xee7c\x80\xec\xa0:?\x11\xc2\x191\
\x8d\x95c\xe0\xea\xd5\x14\x80J&N?\xd5=8\xe5\
\xe2\x02mb|5\x1e\xd7:9\x0e\x8e\xe9\xf2{5\
\xee\xe4\x9c\xb2G\xd5\xda\x14\xd0u\xb0\xdb\xd0`\x0ed\
\xbbcO~\xbc!\xc2?\x9eurL\x80\xa1\xd8\xe0\
r\xb9\xbc\xfa\xbd\xa5*\xba\xbb\xf1\xab\xb6rm\xc4\xe0\
\x7f\x06M\x1a\xe7\xd1\xea\x1c\xd3\x1e\xfe\xad\x16@\xba\xfe\
\xb9)\xe7\xa3\xa1\x95|\xb89\x10\xa8\xd6\xb1\xd5\xe5\xf2\
u\x0d\x02u\xe6{&\xfdNeY=g\x010u\
fu\xce9]9\x04\x01\xc0[\xd5/\xee\x91\x8e\xb9\
\x0a\xe7}5\xf7\xeeR\x9f\xd3\x99\xcf\xa5\xce\xdd\xb5\xae\
\xdf\xef\xd1\xc6_\x0d\xe3\xe3\xca\xd1\xd5\x86Q\xc0\xc7\xfc\
4\xaf\x02\x83\x92c\xfa\xe4Q\xe9\x82,t\xb9\xbc\x9e\
\xaa\xa9\xbd\xea\x83u\xcdV\xe95\xe9\x9b\xcfU\xba\xb8\
s\xaa\x95\x0c\xc0\xc2\xac8\xba\x8bz\xcc\x85x\xad\xdb\
\xbaq\xaa\xf5x\xc5\x04J\x17\x9ew;\x10L\x01\xce\
\x0c0\xd1I\xd9\x9a\x9d8\x01\xc6\x94q\xda\x14\xd0\x09\
7q::\x80\xa9\x16\xc7K\xa3t\xef\xf2)\xa39\
\x00\xf0\x8a\x1c\xeb\xc8\x1b\xcb\xbc\xa3/\xf6\xcfz+=\
&\x00W\xb6g\x07\xaf0\xc6\x08\x00\x95\xe2\xf96\x0b\
\x1b\xc1=\xb0p}c\xbe\xc5\x179&\xdf\xff\xcfs\
n-\xdeM\x07\xd9h\xd8\x17\x03\xc0\xfd^\xb2\xd3\x9f\
\x0b\xc2\x0a\x00\x13v\xeb|\xb1\x02\x8c\x9b\x02@\x19A\
\x19B9?\xe9\x95\xa3\xc5\x19\xa9\xfb\xf7rn-\xbe\
\xab\x038\xf2\x19\x00\xd9r\xbc\xa9\xaeh\x1b\x1eo\xaa\
W\xc7\x0eS`\xdc\x14\x00\x9d\x11\x94\xf1\x94\x93\x9d\xd1\
\xaa(Q[\xc4\xebo.+\x00\xa8's\x1d\x00\xd4\
\xb5\x9d\xae\xac#\xd7\x03J\xbf\x95t\xb7\x9b*\xae\x02\
@FY\xe7\xf0\xae\xe0b\x1018\xd0\xc8S\x16\x98\
|?AM\x09s,v\xac\x9a\xff\xe7u9\xfe\x0a\
\xa3\xb8\xf3\x1d\xb0\x15\xd3N\x9c\xdf\x01c\x09\x00\x18e\
*\xbfW,\xe0\x8c\xc2\x91\xe1R\x803\x12\xff\x8fA\
\xcc\xf5\x1d\x08\xbah\xad\x0aVv^\xa7\xa7\x029\x03\
.\xf7\xbb_g\x9f\x02\x02\xc7^\x06@\xa5\xbc\x8a\xf6\
\xd5*\x9b\x9b\xa2;\xe5\xfc\xbb;\xff.\x7f\xf5F2\
;\xa4\x92\xc9\x01\xd7\x01\x00\xefQ5\x8e\xeas%\x15\
t\x80\xb89\x00\xb2ct\xee\x84\xee]_\x18\x19\xea\
\x1e\x056g$\xf7(\xb6z,\xab\xea\x80\x1cc\x0a\
\xde\xbb\xbb/ST\xe7\xfc\xaa\x90\xe4>+\xfdV\xbf\
\xd4:\x01\x83kc\x06X)\xf6Xa4\xcc$\x82\
*#E\xcc\xdf\xe1\xeb^\xd0\xe0\xa7p\x95\x1c8\x96\
\xfa\xf54\x05\x00\xd5*\xdd*\x10tT_]\xa7j\
\x9b\x11\x00\x98\x01\x941:\xe7W\x91Q1\x00\x1b)\
\x1d\xef\x9c\xef\xc0\xe0\xdeCD\xd9x|\xd6\x91W\x08\
\x13\x00.ML\xeb!\x05\x80\xdd\xcd\xf5\x8b\xba-\x01\
\x00\xdf\xa5\x9f\xe4\xfbJI\x15\x19\x0e4\xd8G*V\
\xcd\xebW\x99 eA`\xb1\xacY\xec*\xd6K\xd9\
y\x81\x08\xd3\x9bbG\x05\xf0\x0e\x00\xd7\xfc\xd6\x01R\
\xff\xcd\x18\x00\x15\x9a:\xdfE\xc6$\x05t\x15\xfd\x0a\
\x18\xf8\x0d\x1d\xa4\xfe\x8a\xee\x19\xb0\xc8\x86\xee\x7f*9\
\x90;\x80W\x05\xef\xce,\x81\x19\xe0\xa6\x00\xa8\x9c\xa7\
\x1c\xa9\x22\xc3EG\xde\x9b\xce\x9b~\xcb\xd8\xc9\xe8\xc0\
\x80\xce\xe1\x9a\xc49\x1d\xf7y\x9c\xffP\xa3\xa2\x7f\x95\
b&\xb5\x8e\xaa\x07\xdc\x8f\x5c\xbc\x09\x03p\x0a@\xc5\
\xab\x96\x91\xbb\x92\xff\xb1]\xfb-c\x17\xb1\x11_W\
\x0dQ\xb6\x89L\xaa\x7f\xb4\x13\xf7\xd5\xa5\xb9)\x00\x94\
\xd3WSA\xc4\x8d\x18@)\xe4\xa2\x9e\x1d\xdf\xd1j\
DHg\xef|\xcb\x98e\xabdT\xd7\xac\xb6\xb4\x13\
\xb3\x92c\x00%G\x05\x80]\xc7_\x0d\x00d\x80\xae\
M\x0a?\xe7\xfc\xeaANwN9\x9f\x1d\xcby\x1d\
i\xb1\x03\x84\x02\x86\xba&\x8d\xdd\x81R\xc9\x87rt\
\xcet?r\xd1\xd5\x05W\x01\xa0\x8a\x0eW\xf4eD\
\xa8\xfc\x1f\xf1\xed\xfbr]\xbe\xee\x16v\xb0\xcfJ\x1e\
\x06^WD\xb9\x9c]\x81\xa0K\x01+u@\x1e\xbb\
\x140e\x84\xd4u\x0b\x009\xdf\x9d\xe62G\xffX\
x\xa5\xe3\x91\xce\xa7\xabz+\xdf2\xe6\xe2\x0e\x1d\x80\
\xd7u\xbf\x1e\xa6\xc0\xa0\x9c\x99+\x84]=\xe1@\xe0\
\x00\xa0\x22}R\x1c\x22\x00p\xe1j\x0c\x80\x08\x8f\x1c\
G\x8d\x8e\xfe\xd3\x19\xe7\xf3\xb9\xfc\xa7K\x15 \xbao\
\x19\xb3\x1ch\x00\xc5\x04S\xda\xad\x80\xbe\x0a\x02\x07\x1e\
\x95\x06\x9cl\xce\xd9\xee\xf3\xca\x8f%\x00\x8e\xc7c\x1c\
\x8f\xc7\x17\xf4\xe0\x8f3UN\xe7\xc8O\x83\xa4\xe3\xd3\
0\xce\xf9+`p\xab{)\x83\xfa\xff\xc7,\xff\xd4\
\xe9\x130\xa0\xa1W\x19`\x0a\x80i\x0dp5\x00\x9e\
\x9f\x9f\xe5w\xeb\x12\xe9\x8e\xf69\xf2\xf3_\xc7W\x8e\
\x9f\x80A\x01\x02k\x88l\x1c\xf9i$\x06\x802\xfa\
\x94\x09\x14\x18R?\x1c\x7fe\xd6\xc4i`\x22W\x95\
\x0a\xb0\x86\xdbJ\x01\xc8\x00\xac\x08:\x9b\xff\xb9dF\
~\xd2=\xde\xc3\xfb\x8e\x11V\x8a\xc24\xaab\x84\xc3\
\xe1\x10\x0f\x0f\x0f\xaff\x02\x0e\x00+o\xe9D\xbc\xfe\
?\xc2\x09D\xc5\x9a8.\xcb\xe0\xea\x81]\x10\x5c\x0d\
\x80\xfcV\xcb\xb4\xb0\xb9\xbf\xbf\xfff\xb95\x9br~\
u\xae\x02\x86\x03A\xca\xa1\xd2\x01S\x22;b\x9aS\
9\xda\x91\x81\x98\xfeq\xb6\xc1\xbfm\xc8\xf2UL\xa0\
R\xc2tq(\x1d\xbf]\x03L\xbe^\xcd\xc6D#\
t\xf7\xdd\x02\x188\xa3`\xeag\xf0\xb0#\x9c\xd1\x95\
As\x5c,>\xd5\x18\x9cfP\x1e\x9eZw\xb5F\
W\x0f\xb8Z\x80\x7f\x0dm\x8b\x01\x9e\x9f\x9f_\xa5\x00\
\xe5L\x87ln\x1d\x80\xd4\xb5\xea\x1e\x05\x82d\x01d\
\x00w/.puQ\x97\xd7\xe1\xf2q:\x1e\xd3\x8d\
r\xbe\xb3\x11\x82\x81epu@\x97\x0e\xaa)\xe2\xd5\
)`\x12\xc9\x0a\xd1\xb7hU?<&\x16\xa6\x93{\
\xd8\x01h\xe8\x88\xaf\x14\xcfza\xbd\xb3\xe2|\xd5O\
\xceRTQ\xb9[\x102\x08\x226\x19@\x15\x81+\
\x0c\xa0>w\xad\xba\xb6\xea?)\x18\xafU\xc6T}\
\x22\x08\x90\xca\xf97\x85\xb0\x0f\x8c|\x04@\xa5\xd74\
\xe7s\x9d\xb1\x0a\x00\x07\x82\x88+\x00\x80E\xe0*\x03\
\xa8h\xdcq4\x1e\xa7\xa30\xffF|u\xa03f\
\xb5q1\xe7@\x8e\xf4\xcfE_\xda\xa8\xb2E7\xcb\
A\xd9\x91\xcdV\x00\xa0\x80\xb0\x9d\x02\xb2\x06`\xa3\xb8\
\xb9\xed\xc4\xd8\xd5\xf5\xae\x8f\xc3A\x7f\x19\x05\xc7W\xeb\
\x00\xbc\xa9\xbe\xd5#f\xd6q\xe2H\xb6\xc5\xd4\x1e\x08\
j\x07\x04U\x08*@\xb8\x99A\xc4\x8d\x18@9\x9f\
\x95\xc5c6\xbar\xfe\xd4P\x5cm\xf3}j\xde_\
myO\xf7\x92\xc9\x04\x00|m\xa7\x13\xebR\xcd&\
\x14\xabu\x8cp\xf3u\x80j\xaaV!\x1e\xab\xe5)\
\x1d;#U\x06\xaf\xea\x80\xea\x0b\xa6\xdd\xd7\xc9\xd9\xa1\
\x08\x9c\x0a(l\x0b\xe5p\x15\xf9\x95\xce\x98\xea2=\
LS@\xc4w,\x02U\xb4\xe4>\x85\xe9\x9c\xae\xe8\
\xde\x19\xdc9\x0c\x81\xa7V\xc8\xdc\x8b&\x8e\xd6\x11\xd0\
\xab,\x81\xfa\xac:\x9d\xe5\xc9c\x9c=t@H\x00\
|\xf8\xf0!>\x7f\xfe\xbc\x06\x00W\x04\xaa\x08AC\
\xa4\x03XI\xce\xe7.\xbf+\xc5\x95\xc1;g(\xa3\
 \xf5O\x7f\xdd\x93S\x8d\xd2y\x95\xc9&\x8e\xc6c\
\xf5\x19\x83\xdc\xa5\xbb\x87\x87\x87\xf8\xf8\xf1\xe3:\x00\xd4\
\x13<n\xca\x10\xd5b\x89\x02AG\xf7*\x22\xb3\x1f\
w\xde\xe5\xce\xc9;\x87*\xa5`\xe1\xc9\xfa;\xa7w\
\xab\x85SG\xa3\x8e\xce.\xae\x06\x88\xf8\xc2\x00\x1f?\
~\x8c\xdf~\xfb\xed\x95\xfc\xed\xd3@\x16$\xff\xae\xf2\
?\xd3?\x03`\x1a\x19\xa8\xa4\xea\x9f\xf3?;\x8dA\
\x90O&\xbbw\x0c\x18\x00.\xd5\xec\x14u+\x8ev\
\xcew\xe7\x18\xf8\x98\x02>~\xfc(\xfd\xbc\x9c\x02\x1c\
\xe5\xb2\xe1\x1d\x00\x22\xfc\xfbxU\x8e\xc5\xb1&\xc5\x18\
\x1b\xa3{\xfd\x8cA\x80}\xb1\xf3\xf1sU\xd4\xdd\xca\
\xd1\xea3\x05xu\x8eS\xc0\xa7O\x9f\xa4\x9fG)\
\xa0\x1a\x5c\x19\xc5\x01\x00\x05\xc6\xb7g\x1c\xad)E\x91\
\xfe\x1d+uy\xb8{\xd1\x84\x0d\xe9XH\xf5\x9d\xb2\
|\x0fGw\xb6J\x99\x0f\x87\xc3\xdb0@\x95\xff\x11\
\x00\xaa\xa9\x88W\x11\x8d\xfdc\x9f+l\x91\xef%\xa8\
\xb1\x1c \x10P\x13y\xffS\x8ev\xf7\xf0\xe7\xae\x86\
)\x7f,\x9a\x01\xe0\x9c\x93\x030e\xe2\xa0\xea^~\
\xf5\xbcr~\xc5*\x88v\xbe\x07\x9d\x8f\xba\xb0^\xb9\
\xf1\xe3e\x95r\xdc\xf8\xab\x8e\xe66\xb9\xc6\xf5\xbf\xdb\
w\xf9Rh\x02\x80_\xe9\xca\x86\x06_yL\x8a\xf7\
%\x08\xd45]a\xe9\x14C6\xea\x0c\xa2\x9c\x86/\
\x99\xa0l\xb7v\xe25\xf7\xdc\xaa\xb5\x00\xa8\x1c\x19\xe1\
\xe9\xbfs>\xde\xcb+U\xca\xf9\x8a\xfa\xab\xb4\xd4\x19\
\x15A\xc8\xe3\xaa\x15Lw\xcf\xa4\xdf\xae\xad\x5c{\xeb\
V\x02\x00W\x02\x95C\x9d\x93:\xb0\xa8{q\xa5P\
\xf5\x8f\x85_5\x06\xca\x8e\xfd\xf1\xb8N\xfe\x94#\xc1\
\xa6f,\xaa\x1f\x96\x1dup\xe7\xbe\xd7\xb5\xd5u\xa3\
\x14\xd0E4F\xcb\x84)T\x9a\x88\xf8\xb6PIF\
\xe9\xe8_\xc9s<\x1e[G\xabj\x1e\xaf\xc5c\xf7\
\xd2\x86\x03A\x05\x8c\xb7b\x13wmwo\x09\x00\xcc\
\xfd\xeaq\xa9\xa2\xe7J\xc0n\xc3\xaf[+\xc7w\xe9\
%e\x9e8_\xa5\x92\xbc\x1eg1\xf9w\xf5\x93-\
*U\xbc\x050v\xc0\xc3cs\x1b\xd7\x00n\x95\xac\
\x8a\xe8U'\x9c\xcf\xe7W P\x95\xbf\xcb\xff\xd9G\
5\x9e[\x86\xc6>\x14 \xaam\x02nv\xc4\x04\x18\
\xdd9v\xf6\x04<\xdc\xc6\xb3\x00\xce\xbf8\x98\x8a&\
\x85@\xbe\xd6\xad\xa2\xe1#\xcf,,\xd5\xe3Zv\x1c\
\xbe\xbc\xa9\x1c\xae\x9c\xcel\xc6:\xe0}\x9d\xe3W\x00\
Q\xb1\xd4\x14\x04\x9d\xf3U\xbfK\x00\xc8\x14\xa0\x9e\x96\
9\xa3\xf1\xc0\x1c\xb5\xd3g\xdfY|f\x1f\xd5\xaa[\
\xc4\xd77w\xa7\x0f\x9b\xb0U\x8cP\x01`\x02\x88]\
0L@0\x01\x86\xfb{\x04\x80L\x01\x13\x00(\x83\
V\x91\xcf\xf3k>\xc6\xb7v;\xfa\xc7\xd7\xc2+\xa7\
W\xce\xe7q\xf8<N\x0d\xa7_\xd1\x9e\x82A9\xf4\
V\xc0\xb8\x19\x03\xf0\x8b\x13\x11\xdf\xfe\x96\xa02\xe8\xe4\
Q\xa8\xab\xea/\x97/\xbf\xc1S\xd1?n9\x96\xaa\
\x01\x5c\xc1\xe7\x00\xe0\xce#\x13\xac~O\xbf\x8a|w\
\xfe\x16\xc0\xc8\xbf\x97\x97\x82\xd3\xc8\xea\xb1)\x9eG\x10\
L\x1e\x83*GW\x9f\xa5\x81y\x16\x92\xc78\xe5s\
\xa0\xe3{\xd08X\x87t\xef\x17\xec\xa6\x02u\xefJ\
j\xb8\x06\x18\xe8\x9be\x00 U\xe3\x133\xcc\xcd8\
X\xb5\x12\xd89\x9a\x1b~\x86\xcb\xc5x\xff\xe9t\x1a\
\xd3\xbd\x1a\x03\x1d\x8f,\xa2\xae\xe34\x80\xdb.\x0b\xac\
\xa6\x8ak\x80\xb1\x05\x00t\x18\xd7\x028\x08\xe7s6\
z\xe5hw-\xb6\x14\x1e\x9d\xaaV\x05\xbbZ!\x1b\
\xd3>\xd2\xbf\xba\x16\xf5t,\xb0\xf3#N]*\xb8\
\x96)Xv\xd5\x96\xffw\xb0s\x92\xbb\xf6V\x0d\x7f\
\xae\x06\x1f\xd7V\xf4\xaf\x1a\xdf\xc3\x00@\x1d\x1c\xc5:\
\x87vuA\xd7\xcf\xae\xf3QFw\xbc\x0d\x80\xe3\xf1\
\xf8\x9c\xef\x06\xe4\x96\x06\xaa~\xee%\xafY\xd9w\x0d\
A\xa06\x9e\xad\xa8W\xbe\xd5\x9a\x86c\x0b'W\xf6\
\x83-S`\x1e\xe7\xdf\x0ap(\x8b\x03q\xf7\xfax\
\x97n9=o\x01\xe0\xd7_\x7f\xfd{u>\x8d\xf9\
\xfc\xfc\x5c]\xa6\x07~x\x88\xc7\xc7\xc7xxx\xf8\
\xe6\xb8\xfb,\xe2\xeb\xdbJ\xa7\xd3\xc9\xee\xf9\xb8z\x11\
t\xa5q\xe4b\xd4\xbb\xed\xe1\xe1\xe1e\xcf\xc7\xea\xef\
\xc9\x866\xe9>\x7f||\xb4\xdf\x0dP\x93\xc3\xfb\x88\
\xf8kD\xfce\xc92\xef\xed?\xde\x0e\x87C<=\
=\xc5\xd3\xd3S\xfc\xf0\xc3\x0f/\xc7OOO\xf1\xf3\
\xcf?\xff+\x22\xfe\x11\x11'\xbc\xc7=M\xb8\x8f\x88\
\x0fo,\xef{\xfb\xbe\xeds\x90\xf3\xdf\xdb{{o\
\xef\xed\xbd\xbd\xb7\xf7\xf6\xdf\xdb\xfe\x0f[\x84\x13nt\
\xe9pC\x00\x00\x00\x00IEND\xaeB`\x82\
\x00\x00\x035\
\x89\
PNG\x0d\x0a\x1a\x0a\x00\x00\x00\x0dIHDR\x00\
\x00\x00\x80\x00\x00\x00\x80\x08\x06\x00\x00\x00\xc3>a\xcb\
\x00\x00\x02\xfcIDATx\x9c\xed\x9c\xddn\xab0\
\x10\x06\x9b\xbe\xff;\xe7\xdc\x14\xc9\xea\xa1x\xfd\xb3\xc6\
afn1\xcb\x97h\x14\x82\xb1\xf7\xf5~\xbf\xbf*\
\x1c\x03^\xb5\x81\x0b1S\x8cj\xa6\xefEAdS\
\x14\x00\x8e\x02\xc0Q\x008\x0a\x00G\x01\xe0(\x00\x1c\
\x05\x80\xa3\x00p\x14\x00\xce\xebb*\xf8\xaf\x03wN\
u\x9a)F8\xd3\x99\x00\xd5\x97\x03\x7f\x15K\xc4L\
1\x9a3\x95\x02D\xac9\x1b\x93\xf9\x01?%S-\
\xcf\xef1\xb3\xe9\xcet\x08\xd0\xf2%\xae\xfa\xc2\xcd\x14\
c(\xd3\xeb\xfd\xff= \x1a2\xeb\x03\x8e\xd45S\
\xe3\xb9\xa5\x00\xbd\xa1f}\xc0\x99_\x94\x99\x82\xb5\x0e\
\x01F\x8d\x1c\xb9\xefe\xdd3\xcd\x14\xe0\xea1\xb0\x87\
V;W\xdc'\xcdt\xc1l\x01\x0ez\xfe\x95f?\
.\x99\xe9\xacX\x92\x00\x07\x91\xe2\xab'L\xccT\x90\
=\x15\x5c\x0b}\xc7l\x99\x99\xca\xc2\xc9\xbf\x00%\xe5\
\x85vY9\x8b\xcf\xe4\xcb 8\x0a\x00G\x01\xe0(\
\x00\x1c\x05\x80\xa3\x00p\x14\x00\x8e\x02\xc0Q\x008\x0a\
\x00G\x01\xe0(\x00\x1c\x05\x80\xa3\x00p\x14\x00\x8e\x02\
\xc0Q\x008\x0a\x00G\x01\xe0(\x00\x9c\x15\x8bB\xaf\
.p\xd7BL3\xfd\x90\xfd\x0bP\xb3k\xd9\x92\xe4\
\x86k\xa22\xb93(~<\x83\xdb3\xb97p|\
|\x0f\xdbdrw\xf0\xfcs\xb3\xea\xa6\xed\x0e\xb6?\
@~\x9d\x99\xb5R\xfa\x03\xf4\x14\xdb\xba\xf3E\xc7\xb9\
Yu\xb7\xced\x8f\xa06\x1e\x97\xc9.a\xed<\xb2\
KX\xad\xd8\xe9\xc9\xc1q30S\x8c\xe6Lv\x0a\
\x1d\xe7\xa33E\xe6\x01F\x9f\x1220S\x8cj&\
_\x06\xc1Q\x008\x0a\x00G\x01\xe0(\x00\x1c\x05\x80\
\xa3\x00p\x14\x00\x8e\x02\xc0Q\x008\x0a\x00G\x01\xe0\
(\x00\x1c\x05\x80\xa3\x00p\x14\x00\x8e\x02\xc0Q\x008\
\x0a\x00G\x01\xe0\xb8*x\x9c\x8f\xce\xe4\xbe\x80~\x1e\
\x91\xc9\x9dA\xed<rg\xd0\xe3\xf6\xbc]\x8c\x1d\xe1\
q\x99\xdc\x1d\x9c_w\xebL\xf6\x07XSgf\xad\
\x94\xfe\x00\x8f\xeb|1X\x17\x93\xc9\x1eA\xe3\xe3{\
\xd8&\x93]\xc2\xe2\xc73\xb8=Sv\xa3\xc8H\xf1\
\xd5\x13&f*\xc8\x9e\x0a\xae\x85\xbec\xb6\xccLe\
\xe1\x05\xadb\x0f\xca\x0b\xed\xb2\x87\x1e\x9f\xc9\x97Ap\
\x14\x00\x8e\x02\xc0Q\x008\x0a\x00G\x01\xe0(\x00\x1c\
\x05\x80\xa3\x00p\x14\x00\x8e\x02\xc0Q\x008\x0a\x00G\
\x01\xe0(\x00\x1c\x05\x80\xa3\x00p\x14\x00\x8e\x02\xc0Q\
\x008+\x16\x85^]\xe0\xae\x85\x98f\xfa!\xfb\x17\
\xa0f\xd7\xb2%\xc9\x0d\xd7DergP\xfcx\x06\
\xb7gro\xe0\xf8\xf8\x1e\xb6\xc9\xe4\xee\xe0\xf9\xe7f\
\xd5M\xdb\x1dl\x7f\x80\xfc:3k\xa5\xf4\x07\xe8)\
\xb6u\xe7\x8b\x8es\xb3\xean\x9d\xc9\x1eAm<.\
\x93]\xc2\xdayd\x97\xb0Z\xb1\xd3\x93\x83\xe3f`\
\xa6\x18\xcd\x99\xec\x14:\xceGg\x8a\xcc\x03\x8c>%\
d`\xa6\x18\xd5L\xbe\x0c\x82\xa3\x00p\x14\x00\x8e\x02\
\xc0Q\x008\x0a\x00G\x01\xe0(\x00\x1c\x05\x80\xf3\x0f\
PJ\x9dP\xf0 |c\x00\x00\x00\x00IEND\
\xaeB`\x82\
\x00\x00\x10\x04\
\x89\
PNG\x0d\x0a\x1a\x0a\x00\x00\x00\x0dIHDR\x00\
\x00\x00\x80\x00\x00\x00\x80\x08\x06\x00\x00\x00\xc3>a\xcb\
\x00\x00\x0f\xcbIDATx\x9c\xed]\xcdnTK\
\x0ev\xd2IP\xb2\x84\x0d\xe2>\xc0\xac\x90F\xf3`\
\xf30\xf7m\xd8\xf1\x00\xe8jV#x\x07\xc2\x06\x11\
\x92\xf4Of\x81\xaae\xccg\xfbsU\x9d\xeep\xa7\
-\xb5\xca\xe5\xfa=\xe7\xfbl\xd79\xe9\x06\x91\x93\x9c\
\xe4$'9\xc9IN\xf2\xff(g\x8e}%\x22W\
\x87\xdc\xc8I\x16\x97G\x11\xd9Z#\x22\xc0JD\xfe\
)\x22\xffXxC'9\xac|\x12\x91\xff\x88!\xc1\
\x05\xe8x%?\xc0\xff\xf7\xf2{\x9a/ggg\xee\
'k\x1f\xedc\xed\xa8\x9f\xb6Ut[Fm\xa8\xfc\
\xf0\xe1\xc3\x9f\x22\xf2_\x11\xf9\xae\xef\x17\x22\xc0^\xfe\
\xf8\xe3\x8f\x7f\xb5\x09\xf4d\xcc\x82Y\x9fj[\x8f^\
i\xeb\x9d\xa7\xa23\xd7>Rz\xb6\x8f\x1f?\xfe%\
\x8e\x84\x04\x10\x11\xb9\xb8\xb8\xb8d\x16\x99y1'\x02\
\x8c\x01\xaem\xdb\xedv\xad\xdb\xac\x9c\xbb-\x22\xf2\xf4\
\xf4$OOO{]\xdb\xad\xcdkcK4G\xb4\
/F\xd8~H\xa2\x9b\x86n6\xa3\xa39\x97\x04\x9f\
\x91\x90\x00M\x18\x12T\xc8P]#\x1a\xcb\xf4\x99!\
\xa3\x84\xb0\xb6\x1e2d\xf3x\xfd\xbb#\x80\x96\x0a\x09\
X\x0ff\xa3@\x95\x14\xcc\x1e\x18\x89n$K\x88h\
l\xd5[{\xa2A67\x9d\x02Z]\x97\xb6\xefH\
\x99\xd9\x22\xdd\xdbS\xa5]\x84\x07\x02\xf5\xf7\xc6V#\
\xc2\xecT\x10\xedM\xa4\x98\x02\xb4\xde\x13\x11\xaay\xbf\
\x17\xfc\x99\xa9 \x0b\xa73\xce\x03K\x9e\x03\x86#@\
\xa4\x8f\xa6\x85\x9e(\x10\xed1[g\x96,A\x02\xaf\
m\xc69`(\x02\xf4\x90\x80\x99\xaf\x17\xfcY\x87>\
ol\x96\xbf=\xdb(\x09\x96:\x07dB\xa7\x80\x19\
!\x7f4\xffg\xe0/\xe9\xfd\x87$\xc1\xccT\x90\xa5\
\x81\xe1C\xe0\xa1\x0f\x7f^}&\xf8\xcc\x81\xce\xb3\x1d\
\x9a\x04\x99-\x93\xe1C \xb2\x1d\x1a\xfcl\xcf=\xf2\
;\x90\xc0k\xb3\xfa\x94\x080\x9b\x04\x99\x0d\xe9\xec\x81\
o\xc6#\xa1HL\x02\x04z\x04\xb0\x07\x90\xed_)\
\x19bD\xd7!\xd2\xf1&p\xc6c`f\x8bt\xbb\
\x0f\xb4O\xe6ZX\x89n^\x16\x0d2Rd\xb6\xd1\
\xf0\x9fy\xbf\xc8\xc4\xc7\xc0\x11\xf0\xed\xf8J\x0a@c\
\x98\xeb\xa9Ht#{\xa2\x81\xd5{H\xd0cCB\
=\x06\xceL\x03\x0c1l_T\xf7l\xde\xfeg<\
\x0dD9\xd5#\x02j\x1f%\x81\xd7\xd6s\x18,G\
\x80\xd14\x90\xd9\x90^\x05~&\xe8\x9e\xb0D\xf0\xa2\
\x81\x97\xc3g\xe5~\x8f\x10V\xa6E\x006\x0d\xb0\xe1\
\xbf\x02\xbc\x06|I\xd0\x91xQa\xc94\xe0\xb5y\
\xfd\x86\x9e\x02\xac~\xe8\x08`\xd7\xb4\xb6%\x00\xd7\xa0\
\xda\x0f3\xce\xdaP\xfb!#@$\xcf6\x02D\xf5\
\xa5\xbc\xbc\x02r\xe5<\xc0D\x03\x16\xfc\xa8\xefQ#\
\x00\x03>3\x9e\xa9\xdb=F\x1fV\x18o\x89\xc6\x22\
BDu\xf6PXI\x03\xd6\xb6H\x04\x18\x05\xdf\x1b\
\xe3\xad\xe5E\x00\x16\xe0c\x9e\x0b\x98\xfao\x17\x01\xb4\
\xde\x0b>\x1a\x9bE\x83Q\x10\xa39\xa2\x1b\x14\x9d\x07\
\xb2s\x82\xb5y\xa9\xa0\x0a~4&#\x84\x95\xf4[\
\xc1\xed\xa6\x9d\x9d\x9d\xfd\xa2\xb7\x89\x9b\xdeS\xa2\xb9\xed\
\xbav/\x8c\x8c\x84\xf46\xbew\x8e,\x1dd@U\
KVG\x12\x12\xa0y\x8d\x07~dC\x82H\xd0\xd6\
\xf1\x80\xd7\xf3U\x00A\x04\xb2kE\xfb\xf4\xec\x95\x08\
`\xc7\xe8:\xd2#\x9b\xdd\xdb,\x12\xa4\x11@\xe4W\
\x80\xaa\x84@\xc4\x88\x22\x00\x02\x9d\xf5~\x048\xb2\xb3\
\xe3\x9b\xadB\xbe,% =\xb2\xa1\xd2\xd3\xd1z\xd1\
\xdeK\x7f\x0d\x5c\xeaI \xd2\xab\xf9\x9f\x19S!S\
\xe4\xd1l$`\xa2@5\x15D\xa4\xb1z$t\x04\
h\x93\xf6x~\x14\x11\x22]\xaf\xcd\x8a\xbep/\xcd\
0c=\xe0\xab{\xe9\x89\x02\x952\xd3\xb3}\xd3g\
\x80V\xaf\xa4\x82H\xbc~^\x0ahk\xa2\xfev\xcf\
\xda^%\x01\x9a\xdf\xbb\xa9\x95H\x90E\x81\xc8f\xaf\
\xb3B\x02T\xd7\x92\x12@\x97\x8c\xe7\xeaEY\xefG\
\xa03`\xeb\xbd\xd9>#\xc0{7\xd8\x8b\x0a3R\
\x00Zw\x06\x09\x86\x22\x80H\x0d\xfc\x08l-\x11a\
\xa2>\x91\xd8\x94\xa1\xf7\xd0\xech\x7f=!6\xbb\xa9\
\xa8o\x05\xfc*\xe0\xbd\xde/2\xf0\x18\xe8\xe9L4\
@mV\xd7\x9b\xcf\x1e-u\x1f\x0f\xf0^\x89\x80\xab\
|\xec\xb8h\xee\xa8\xccl\xa8>\x14\x01D\xe6\xa4\x80\
\xccn\xdb\xd1\xc5\xa0G:/jx\xd1(\xba\x19\x0c\
\x08^4\xe8\x01\x9f\x99\x1f\x95\x9e\x0d\xf5\xc9\xa2U\xf9\
\x10\xd8&f\x89\xa07\xd3\xd3f\xfb\xe9}xsd\
\xe0W\x9e\x08<\x90\xd8h\x80\xfa\xa0\xf9\xb25\xbd}\
Y\x9d\xa9k)\x1d\x02\xdbd#\xe9\xc0n\x8c\x8d\x02\
\x91\xcc\x04\x9f\xf1\xc0\x0a\x09\xa2\xfehNv\x0fV\xcf\
\xc6yR:\x04\xda\xfa\xe8\x13\x01\xea\xd3#z\x9c%\
-\x03>\xba\x91\xac\x87G\xfd\x90\x1d\xcd\xcf\x94\x99\x8d\
\xb9\x16$\xe5C`\x9bt$\x1d\xcc\x96\xc8\xfb\xedu\
xbA\xd2\xb6\xa6\xdb\xf2\x10\xe1?\xb3Y\x9d\xa9k\
\x99\x96\x02<9\x04\x11\x90\xd7\xb7r\xe4\xe5O\x05\xec\
\xde\xf0?\x0bx\x0f\xf4\xa1\x08 \xc2\xa5\x00[\xaf\x84\
\xf8\x19\x04\xc9\x08\xe0}\x18\xe9\x05\x9f%\x80\xb5Y{\
d\xf3\xfa\xa0\xfd{2\x9c\x02l\x9d%\xc2\xcc\xc8\xe0\
\xe5\xfd\x0a\xe0#@\x9f\x9f\x9fS$@:SF:\
S\x8fd(\x05\xa0\xfa1d\xb7\xdb\xc9\xf9\xf9\xf9\xbe\
\xd4\x80\xdb\x03\xe2\x0c\x22h\xc0#\xf0\xa3(\xc0\x94\xac\
\x1e\xd5\xa7\xa5\x806\xd9\xacH\x90\xad\xa97\xdd\xea\x08\
\x08\xbb\xcf\x06\xb2%\x03\x22\x85Mo\x08\xb0\xc8\xd33\
\xf0\x9f\x83\xe7OK\x01\xad\xae'>D$\x88\x0eq\
\x0dd\xad\xb3\xe0[\xa9\x92 \x22\x03\x1a\xef\xad\x11\x95\
V\xef\xa9{\xb6&\xe5\x14\xd0&\x9c\x99\xbf\xdb|v\
\xa3\xcc\x09~\xb7\xdb\xed\x01\xd8\xedv\x22\x22\x10|\xe6\
\x10\xe8\x01\xde>\xd5\x14\xa0\xe7D\xba.{t\xc66\
5\x05\xb4\x093\x1bC\x10\x0f\x5c\x8f\x10Y\x1a\xb0\x11\
@\xef\xa3\x91$\xf2~\xd6\xcb\xbd\xb6\xd1\xf0\xcf\xea\xa8\
\x1e\xd9\xa6\xa4\x00\xbd\xc0\x92\xd1\xc0\xdbCt\x11Q\x04\
\xb0D@\x11\xc0\xdehD\x02\x1b\x05\x18\x12\xe8\xf9\xf4\
:3\x08P\xb1eB\xa5\x00\xab\xeb\x05gF\x03\xaf\
\xd4}\xb2\x1b\x8e\xf6\xd8H\xd2@C{\xf6\xa2\x0b\xf2\
|/\xff\xdb\xb9t]\xef\x0f\x81\x9byy\x05pD\
jO\xca)@/\xb0D4\x88\xc0\xd7\xba\x05\xa0\x81\
\xec\xedU\xf7\x8bH`=\x1ey?\x13\xfe\xed\xda\x19\
\xe8=\x04\x88\xecz\xdd))@/6\xfb\x00hu\
\xd4G\x03oI\xd0\xf6\x96\xdd\x0c\x0b\xbeN\x03\x1e\xf8\
\xab\xd5\xcaM\x01,\xf8\xa8\x8ctT\xf7l\x91\x9d\xb9\
/\xdd\x8f\x81h!\x86\x18\xde\xe1N\xebY\x89\xf4\x06\
\x8a\x97\xe7\x1b\x01v\xbb\x1d$\xb6\xf5\xf0\xd5j\xf5\x0b\
\xf8\x8c\xf7\xb7\xf9\xa22\xd2\xab\xb6\xd1\xb6\xd27\x82\xa2\
\xc9\x97z,D/kP\xbem\xfd\xed#\xa0\xddk\
K\x03\xc8\xfb\x1b\xe0\x0d|D\x00\x06\xfcQo\xef\x05\
\xd3\x9bk\x88\x003\xbc\x1e\xcdi\xa3@\x9bO\xb7\xdb\
7\x89\xbalv\xfbi\xd1 \x22\x80%\x81\xf6\xfa\x8b\
\x8b\x0b\xb9\xb8\xb8\x80\x04@\xe1_\xefC_\x03\x22\x01\
S\xf7lL\x9b\xd7\x7f*\x01\x10p=\x92\xbd\xf8\xb1\
\xe0\xeb\xb5Q\xa9?\xd1\x9b@\x1b\x05\xb4\xf77\xf0\x11\
\x01\xaaa?\xd2Q=\xb3\x8f\xf4\x1bN\x01Zf>\
\xf3\xa3gq\xef\xbd\x03\x22B\xd3\x11\x11\x1a\x09\x1a\xd8\
\xd6\xe37\x9b\xcd>Z\xacV+\xb9\xbc\xbc\xdc\x7fl\
\x0a\xd0i\x02\xad\x89J\xbd\xbf\xa8\xce\xb6\xcd\xe8\x8fd\
(\x05d\xc2\xa6\x88\x88\x08z.\xaf\xee\x85b\x1d\xb6\
\xb7\xdb\xed\x9e\x08\x22\x22\xab\xd5jO\x92\xab\xab+y\
\xf1\xe2\x85\x5c]]\xfdD\x00&\xe4{{\x89\xf6\x8e\
d\x06\x98\xde\xda\x8b\x9d\x01fK\xe5\x9d\x83n\xb3u\
\x14\x11\x9a\xd7\xafV+\xd9n\x7f\xfc\xdf\x89\xd7\xd7\xd7\
ryy)777rss\xf3\x0b\xf8Q\xa8G\
\xeb{6$3\x00g\xd7\xf9m\x080\xb2~\x96S\
[y~~.\xf7\xf7\xf7\xf2\xfd\xfb\x8f\xff?\xf1\xed\
\xdb\xb7\xf2\xf2\xe5\xcb=\xf8\x15\xb0+\xfb8\xa6\x94\x08\
\xf0\xed\xdb7\xb9\xbe\xbe\x9er!\xc7\x8e\x1e\xda\xde\xca\
\x96\x06\xd6\xeb\xb5\xdc\xde\xde\xca\xfb\xf7\xef\xe5\xcb\x97/\
\xb2^\xafe\xbb\xdd\xfet`\xcc^\x85W\xf6q,\
)G\x80\xdb\xdb[y\xf3\xe6\xcdO_\xb6\xe8\x95\x19\
7#\x9a\xc3\xb6Y\xe0\xf4\x13@\x03~\xbb\xdd\xca\xe3\
\xe3\xa3\xdc\xdd\xdd\xc9\xed\xed\xad\xbcz\xf5JDD\xee\
\xee\xee\xf6$\xd0D\xb0O\x11\x19)\x9e\x1bQ\xca\x04\
\xf8\xfc\xf9\xb3\xbc~\xfd\xfa(\x11\xa0\x07l\xad[\xa0\
\xda\xc9\xbf\x81\xbf\xd9ld\xb3\xd9\xc8\xc3\xc3\xc3\x1e\xf0\
v\x06\x10\x11y||\xfc\x85\x04\xfa\xcd!Z\xc7\xdb\
Kv]\xe8\x11xT\xbcu\xca\x04\xd0\xdf\xb4Yb\
SL\x1f\x06\xf0\xa6#\x8f\xd7\xc07\xcf\xdfl6\xb2\
^\xaf\xe5\xe1\xe1A\xd6\xeb\xf5OO\x01\xed`xv\
v\xb6'@{r\xd0\xf3\xa15Q\xa9\xf7\xc7\xbc;\
a\x9f\x98\xa2{\xd4\xf3n\x01\xa6\x00\xfd\x92$[\xb4\
\xba\xc9\xac\x8d\xf5t[f\xe0k\x02\xb4H`\xdf\x03\
\xe8\xef\x0f\xe8\xf7\x09\xed~x\xdf4B{j:z\
\x9f\xe1]{\x85\x04\x1e>h\xce\xae\x08\xd0\xeb\xb9l\
\x9f\x0c\xfc^\xe0m\xe8\xd7\xde\xdc\x80\xd7\x9em\xdf\x04\
j\xa04\x01\xf4\x9cQJ\xd0%zy\x95\x11!#\
\x81\x1d\x9fI\xd7!\x90%\x80\xdeP\xa5=\xf2r]\
g\xf2|\x04\xbe%\x00\x0a\xed\x22?\xff-\x00\x01\xa2\
\xc9\xd0\x00\x8a\x22\x81\x06?z\xa3\x89\xea\xa3\xc2\xa6\x85\
&a\x04\x88\xc2U\xb6pd\xef\x0d\xf3\xadD\x04\xb0\
\xb9\xda#\x80}-\xac_\x14\xb5\xb7\x83\x9a\x08\xf6e\
\x90\x8d\x00\xf6\xa3\x01\x8d\xa2AtO\xbd\xf6(\xecG\
\x91\xa1;\x02d\x9e\xeam\x22\xb2\x1d\x12|\xefc\xaf\
\xcd\xbe6~zz\x92\xd5j\x05\xaf\xb1B\x02\xafl\
\xf3\xb0\x84\xc8$\x22FW\x0a@!\xd8.\xc8\xda\x19\
\xc0==\xca\xb3,\x01\xb4\xd7[\xf0Q\x14\xc8\xbeO\
`\x9f\x04X\x12\xe89z\xc0\xf6@\xce\xa2\xc2\xa2g\
\x80Y\x1e\xafu\xd6\xeb=\x12d\x9e\xefE7M\x02\
K\x00\xe4\x10v\xed6\x87\x97\x0e\x10\xf0Ky\xbeM\
\x07S\x1e\x03\x97\xf4z6\xf4\xf7\x10\xc0\xda\x22\xf0\xed\
\xa7\x91\xc1\xfe\xf6\xa0\xed\x09\xfd\x10E\xcfi\xc1\xf7\xa2\
\x82\xed\x8f\xee'zq\xe4\xbdL\xb2\x7f\xc3\x98v\x06\
\xd0\x8bD\xb6\x99\x04\xc8\x22\x00\x0a\xff^\xdd~\xbc\x9b\
\x85\xc0o\xe2\xfd\x105\x9a\x7f\xc4\xcb\x91T\x08Q&\
\xc0\xd7\xaf_C\x02\xb4\x893\x1b\x0b\xba\xb5\xf5x?\
C\x84\xe8z\x22\xcf\xd771\xfa\x15\x927\xefl\x22\
\xf4\x80_\x22\x80\x88\xfcr\x068\xb4\xd7\xb7\x92!A\
\xc5\xe3\x91\x87j\xf1\xd2\x80\xbe/\xcd\xe6\xfd\x0a\xa9\xcd\
\x13\xad\x91\xa5\x03\x0d(\x02\xd7\xeb\xab\xef\x1f\xfb\xa2(\
$@\x05d[\x9fE\x80J\xf8G:\x9a\x07\x89=\
0E\xe7\x02\x9d\x06\x9adO\x0fKx\x7fV\xd7\xd7\
\xe1\x09$@t\xb3\x9e\x8b\xe7WR\x82G\x02\xeb-\
,\xf8\xad\x9f%\x01\x92%\xce\x00m\xef\x19\x19\xf4\xb5\
x\xd2\x95\x02\x0e\xe1\xf9Zg\xc1\x8e@\xb7s{\xe2\
\x81\xaf\xc9aS@F\x02=w\x85\x0c^*\xa8F\
\x82n\x02\xcc$\x81g[*\x02\xa0\xf1\x91D\xc0[\
\x02\xe8R\xc4'A\x05p\x14\xbe\x99~\x96\x18vo\
C\x11 K\x01\x0c\x09\xd8(0\x9b\x00,I2a\
\x08\x80\xea\xacd\xde\xeb\xd9\xac\xfdh)`V\xf8_\
\x92\x00U\xd1\xa0\xb7\x1b;\x83\x00\xac\x97{}{S\
B$\xf4!p\x84\x04\x87\x22@\xb4\xf7J\x0a\xb0\xde\
\xd3n\xa8-\xed\xf8\x8a\xf4\x86|k\xcbR\xc2\xc1R\
@O\xf8\xf7lKE\x00\x8f\x046WW\xbd\x9f\x09\
\xd1\x8cD\x04Cm,\xf8GM\x01\x87\xf0~4\x16\
\x95\xe8Z\xac\xd8\x08\x90y\x7f/\xc8\x99M\xdb\x99(\
\xd0\xf6\x8b\xe6\xebz\x0f\x80\x22\xc0\x08\xf0z^\xaf_\
F\x00\xb4\xbf%H 2\x0f\xfc\xa8O\x85\x0cl\xff\
(B IS\x80\x0d\x8f,\xf0\xc8\xd6\xeb\xfdz>\
D\xca\x1e\x12 \x89@\x8f<.\x13\x868^\x1fo\
\xfdlO\xba\xad+\x05\xe8\x8d\xe8\x92\xd1320D\
\xc8<>#\x07\x0bz&Y\xdee%\x0b\xf3\xc8\xc6\
F\x88\x88\x08]g\x80%R@\x06:Z7\x02\x9e\
!\x02\xb3\xaf\xcc\xebu\x9f\xa6\xa3\xebFR}\x8c\xcb\
H\xc2D\x01D\x84\xa9\x87@\x16xd\x1b\x05\x1fI\
D\x04\xa43\xe2\x91\xc0\xce\xc5\xe4\x7f\xdb/\x8b&\x11\
\x19+\xe0O\x7f\x0f`\xebU\xc0\xbd\x92M\x03\xd6\xee\
\x91b&\x11D\xfc\xef\xf3W\xc4\x02R\xf1~o.\
\x06\xfc\xa6G\xf3\xc2\xdf\x7f\xa1/O2\xdekmY\
\x99\xe9\xba\xce~\xec\xcdB\xba'\xd1\xa3Sv#\xbd\
\xf9\xec8\xfb^\xc1{\xc7\xc0\x94\x8c\x8e\xaeEK\x9a\
\x02\x22O\xcf\xdaG\xc0g\xc2?\x12f\x0c;_O\
\xd8G\xeb\xccL\x01\x99\xb7\xeb5\x99\x08P:\x04\xea\
\x8b\xea!\xc1H\x0a\xe8\x89\x00v^F\xecco\xb3\
\xd9\xeb\xcb\xe6\xb0{\xb0\xf30\xf9<J\x0f\x11\xe0v\
\x8dH\xd2\xc7@{\x11Z\xafz}6\xb6\xe9\x1e\xf0\
\x15\xc9\x08\x1c\x09\x22A\xb3\xb3k\xa31\x8c\xf7Fk\
T\xa3A[\xbf|\x06\xf0<\x0by\xb1\xd6{J\xa4\
\xa3\xba\xb7/6\x12T\xa5'\xe7\xdb\xb1l\xee\x9fu\
\x0e\xd0k\xb1\xd7\x11\xa6\x00k\xb3\xfa(\x09*D\x18\
\x055\x9a\xc3\xf3\xf8\xd6\xd6\xb3\x96\x1dk=T\xaf\x9b\
\x85~\xc6\xf3{\xc2\xbfH\xf0\x14\xd0&\xca\x22\x80g\
\xcbJ\x8fD\xb6\x8fG\x06\x96\x14\xb3\x22BE\x22\xef\
\xb7\xf5\xdeHP\x89\x06\xdd)\xc0\xdal[/\x09\x22\
\x1bSG{\x1dM\x05\xbd\xe1\xbe\x8d\xcd\xc2\xbe\xadg\
\xe1;+\x19\x1bsM\xe5\x08\xd0\xa4\x97\x04#\xe7\x80\
\x999\x1e\x09s\xd3,\xd8\xa8?C\x04\xab\xff\xf6\x11\
\x00\xf5c\xfbDz\xb4\x9f\xa5\xc8\x80@\xae\x90\xc3\xda\
P\xfbH\x1a`\xa3\x02j\xb7R~\x0a\xd0}l9\
3\x02D\xa0g\xfb=\xa4x\xe4`\xbc^\xeb\x954\
\xe0\xb5E\xfd<\x09S\x80\x96cE\x80\x0a\x11l\xfb\
\x92d\x18\x0d\xff\x7f\xbb\x08\x80l\x95(\x81\xf4Q\x22\
\xd8k\x19\x95J\xdeo6\xd4~\xe8\x08\xd0E\x80\xc8\
\xd6\x1b\xfe\xd9\xf1\xd9y\x00\xed\x8d\x01\xb8\x97\x04\xd1M\
<t\xf8\xaf\x8e\xcf$\x8d\x00\xad\xae\xed\xd6\xa6\xc71\
ef\x8bt\xbb\x0fk\xcf\xa4J\x82\xe8Fz\x91@\
\xebK\x80\xdf;\x0f\x92\xf0\xcf\xc1\x22u\xf0\x96$\xc1\
\xach\xc0\x92`\xa6\xd7\xb3\x87\xb5JY%\x06\x920\
\x05,\x05~/\x09\x98zfg%\x02?\xb3U\xc2\
\xbf\xd6gD\x80\x8c\x18V\xd2\xf7\x00K\x81?\x9b\x04\
\xbd)\x01\xc9\xef\x00\xfe\xac\xb3\x00u\x08d\x09\xb14\
\x09\x22RTl=\xf2\x1c\xc1\x9fA\x02\xea1P\xdb\
\xad\x8e\x80\x8bd\x84\x04Y[E\xbc\xb1\x0c\xd0\xc86\
\x0b\xfcLzI\xe0I\xf9E\x90\xd6{\xa2\x02\x9a\xb3\
J\x02o_\xd9:\xb3d6\xf8h.\x86 3H\
Pz\x0c\xd4\xfa\xac'\x01;\xd6\xb3\xcd8\x18\xf6H\
\x04\xb6\xad\xf7\x82\x7f\xac\xfc/B\x9c\x012\xef\xf4\xda\
\x96>\x0cVAgH\xc1\x86a\xd4\x9f98\xf6x\
\xfc\x0c\x12\x0c=\x05h\x9b.\x91\x8d=\x0fT#\x02\
K\x02o|\xaf\xb0\xde\x9e\x8d\xf3\xc6\x1e;\xff\x8b\x10\
\xef\x01zRA\xa5\x8f\xd77\xd2\xd1\xb8l\xfeQa\
\x01\xafz|\xd46+\xffO\x8d\x00Z\x9f\x99\x0a\xbc\
\xb5\xbc\xfd12B\x88Q\xc0g\x1d\xfa\xaa^\xcf\xec\
_\x0b\xf3\xd3\xb0\xb5\xb6\x81\xf6\xa1\x83 \x8a0\x8c\x8d\
\xd5\xb3\xfa\xac\xbe#\xd72Rfm\x221\x19\xc2o\
\x05\xdf\xdf\xdf\xff\xc5\x82\xcb\xb6\xcd\x02\x8e\xb1gm\xd5\
~\x95\xf53[Eg\xeeqTF\x82\x08\xf0\xf8\xee\
\xdd\xbbO\xbb\xdd\xee\xcf\xec\x86\xa0\x7f\x98\x91\xf9\xe7[\
\xed?\xech\xffYwdc\xeal\x1b\xfb\xc9\xe6@\
\xed\xd1\x1e\xb3kg\xef\x1f\x03,\x90O\x22\xf2h\x8d\
^lX\x89\xc8U\xcf*'y\xb6\xf2(\x22\xdbc\
o\xe2$'9\xc9INr\x92\x93<\x0f\xf9\x1f\xe5\
\xc6\xc0w~\xd7{\x97\x00\x00\x00\x00IEND\xae\
B`\x82\
"

qt_resource_name = b"\
\x00\x02\
\x00\x00\x07\xb9\
\x00u\
\x00i\
\x00\x05\
\x00o\xa6S\
\x00i\
\x00c\x00o\x00n\x00s\
\x00\x03\
\x00\x00x\xa3\
\x00q\
\x00s\x00s\
\x00\x09\
\x00(\xad#\
\x00s\
\x00t\x00y\x00l\x00e\x00.\x00q\x00s\x00s\
\x00\x17\
\x05g\xfcg\
\x00g\
\x00r\x00a\x00d\x00i\x00e\x00n\x00t\x00_\x00r\x00a\x00d\x00i\x00a\x00l\x00_\x001\
\x002\x008\x00.\x00p\x00n\x00g\
\x00\x0e\
\x05O\x1b\x87\
\x00c\
\x00i\x00r\x00c\x00l\x00e\x00_\x001\x002\x008\x00.\x00p\x00n\x00g\
\x00\x1a\
\x09{\x1b\xe7\
\x00g\
\x00r\x00a\x00d\x00i\x00e\x00n\x00t\x00_\x00r\x00e\x00f\x00l\x00e\x00c\x00t\x00e\
\x00d\x00_\x001\x002\x008\x00.\x00p\x00n\x00g\
\x00\x11\
\x05%\xeb\xa7\
\x00r\
\x00e\x00c\x00t\x00a\x00n\x00g\x00l\x00e\x00_\x001\x002\x008\x00.\x00p\x00n\x00g\
\
\x00\x17\
\x02\xae\xea\xc7\
\x00g\
\x00r\x00a\x00d\x00i\x00e\x00n\x00t\x00_\x00l\x00i\x00n\x00e\x00a\x00r\x00_\x001\
\x002\x008\x00.\x00p\x00n\x00g\
\x00\x10\
\x04\xd1\xe2\xe7\
\x00t\
\x00r\x00i\x00a\x00n\x00g\x00l\x00e\x00_\x001\x002\x008\x00.\x00p\x00n\x00g\
\x00\x0c\
\x0a;\xc1\x07\
\x00l\
\x00i\x00n\x00e\x00_\x001\x002\x008\x00.\x00p\x00n\x00g\
\x00\x0e\
\x0d}J\xa7\
\x00p\
\x00e\x00r\x00l\x00i\x00n\x00_\x001\x002\x008\x00.\x00p\x00n\x00g\
\x00\x0f\
\x06W/\xe7\
\x00s\
\x00t\x00r\x00i\x00p\x00e\x00s\x00_\x001\x002\x008\x00.\x00p\x00n\x00g\
\x00\x0e\
\x09~\xd6\x87\
\x00w\
\x00o\x00r\x00l\x00e\x00y\x00_\x001\x002\x008\x00.\x00p\x00n\x00g\
\x00\x10\
\x0f\x91\x10\x87\
\x00h\
\x00e\x00x\x00_\x00g\x00r\x00i\x00d\x00_\x001\x002\x008\x00.\x00p\x00n\x00g\
\x00\x16\
\x0f\xd9+\x87\
\x00g\
\x00r\x00a\x00d\x00i\x00e\x00n\x00t\x00_\x00a\x00n\x00g\x00l\x00e\x00_\x001\x002\
\x008\x00.\x00p\x00n\x00g\
"

qt_resource_struct = b"\
\x00\x00\x00\x00\x00\x02\x00\x00\x00\x01\x00\x00\x00\x01\
\x00\x00\x00\x00\x00\x00\x00\x00\
\x00\x00\x00\x00\x00\x02\x00\x00\x00\x02\x00\x00\x00\x02\
\x00\x00\x00\x00\x00\x00\x00\x00\
\x00\x00\x00\x1a\x00\x02\x00\x00\x00\x01\x00\x00\x00\x10\
\x00\x00\x00\x00\x00\x00\x00\x00\
\x00\x00\x00\x0a\x00\x02\x00\x00\x00\x0c\x00\x00\x00\x04\
\x00\x00\x00\x00\x00\x00\x00\x00\
\x00\x00\x00\xf6\x00\x00\x00\x00\x00\x01\x00\x002\x7f\
\x00\x00\x01\x9b\xc1\xb5\xdf7\
\x00\x00\x01*\x00\x00\x00\x00\x00\x01\x00\x005$\
\x00\x00\x01\x9b\xc1\xb5\xdf?\
\x00\x00\x00\xce\x00\x00\x00\x00\x00\x01\x00\x000d\
\x00\x00\x01\x9b\xc1\xb5\xdf=\
\x00\x00\x00r\x00\x00\x00\x00\x00\x01\x00\x00\x1f#\
\x00\x00\x01\x9b\xc1\xb5\xdf3\
\x00\x00\x00>\x00\x00\x00\x00\x00\x01\x00\x00\x02\xfc\
\x00\x00\x01\x9b\xc1\xb5\xdf8\
\x00\x00\x01\x90\x00\x00\x00\x00\x00\x01\x00\x00nR\
\x00\x00\x01\x9b\xc1\xb5\xdf>\
\x00\x00\x00\x94\x00\x00\x00\x00\x00\x01\x00\x00-\x01\
\x00\x00\x01\x9b\xc1\xb5\xdf9\
\x00\x00\x01\xb4\x00\x00\x00\x00\x00\x01\x00\x00o\xed\
\x00\x00\x01\x9b\xc1\xb5\xdf@\
\x00\x00\x01P\x00\x00\x00\x00\x00\x01\x00\x00<\xbe\
\x00\x00\x01\x9b\xc1\xb5\xdf;\
\x00\x00\x01n\x00\x00\x00\x00\x00\x01\x00\x00CQ\
\x00\x00\x01\x9b\xc1\xb5\xdf<\
\x00\x00\x01\xd6\x00\x00\x00\x00\x00\x01\x00\x00\x86a\
\x00\x00\x01\x9b\xc1\xb5\xdf:\
\x00\x00\x01\xfc\x00\x00\x00\x00\x00\x01\x00\x00\x89\x9a\
\x00\x00\x01\x9b\xc1\xb5\xdf5\
\x00\x00\x00&\x00\x01\x00\x00\x00\x01\x00\x00\x00\x00\
\x00\x00\x01\x9b\xc1\xb5\xdfR\
"

def qInitResources():
    QtCore.qRegisterResourceData(0x03, qt_resource_struct, qt_resource_name, qt_resource_data)

def qCleanupResources():
    QtCore.qUnregisterResourceData(0x03, qt_resource_struct, qt_resource_name, qt_resource_data)

qInitResources()
